src_port,dst_port,protocol,packets_per_sec,bytes_per_sec,avg_packet_size,flow_duration_sec,src_ip_entropy,dst_port_entropy,new_flows_per_sec,num_distinct_src_ips,label
0,0,1,0.5,49.0,98.0,1.349,1.0,-0.0,1.0,2,normal
0,0,1,0.5,49.0,98.0,1.3479999999999999,1.0,-0.0,1.0,2,normal
0,0,1,0.5,49.0,98.0,3.35,1.0,-0.0,0.0,2,normal
0,0,1,0.5,49.0,98.0,3.349,1.0,-0.0,0.0,2,normal
0,0,1,1.0,98.0,98.0,5.351,1.0,-0.0,0.0,2,normal
0,0,1,1.0,98.0,98.0,5.35,1.0,-0.0,0.0,2,normal
0,0,1,1.0,98.0,98.0,7.355,1.0,1.5,1.0,2,normal
0,0,1,1.0,98.0,98.0,7.354,1.0,1.5,1.0,2,normal
0,5001,6,51841.5,2411967599.0,46525.806525659944,1.245,1.0,1.5,1.0,2,normal
0,36240,6,23342.0,1540578.0,66.0002570473824,1.237,1.0,1.5,1.0,2,normal
0,0,1,1.0,98.0,98.0,9.358,1.0,1.5,0.0,2,normal
0,0,1,1.0,98.0,98.0,9.357,1.0,1.5,0.0,2,normal
0,5001,6,79215.0,3728530770.0,46853.82540354732,3.248,1.0,1.5,0.0,2,normal
0,36240,6,30103.5,1986837.0,66.00022452779,3.24,1.0,1.5,0.0,2,normal
0,0,1,1.0,98.0,98.0,11.36,1.0,1.5,0.0,2,normal
0,0,1,1.0,98.0,98.0,11.359,1.0,1.5,0.0,2,normal
0,5001,6,81766.5,3855109485.0,46966.76512407024,5.25,1.0,1.5,0.0,2,normal
0,36240,6,31530.0,2081070.0,66.00120034598207,5.242,1.0,1.5,0.0,2,normal
0,0,1,1.0,98.0,98.0,13.361,1.4591479170272448,1.9182958340544893,1.0,3,normal
0,0,1,1.0,98.0,98.0,13.36,1.4591479170272448,1.9182958340544893,1.0,3,normal
0,5001,6,57577.0,3109531482.0,48465.75198224852,7.251,1.4591479170272448,1.9182958340544893,1.0,3,normal
0,36240,6,16163.5,1066869.0,66.00177972888797,7.243,1.4591479170272448,1.9182958340544893,1.0,3,normal
0,5001,6,56836.5,2530097953.0,44515.3722167973,1.931,1.4591479170272448,1.9182958340544893,1.0,3,normal
0,38892,6,53810.0,3551460.0,66.0,1.9300000000000002,1.4591479170272448,1.9182958340544893,1.0,3,normal
0,0,1,1.0,98.0,98.0,15.37,1.4591479170272448,1.9182958340544893,0.0,3,normal
0,0,1,1.0,98.0,98.0,15.369,1.4591479170272448,1.9182958340544893,0.0,3,normal
0,5001,6,76394.0,3429781896.0,47679.37516796715,9.26,1.4591479170272448,1.9182958340544893,0.0,3,normal
0,36240,6,64930.0,4285386.0,66.00112001637874,9.252,1.4591479170272448,1.9182958340544893,0.0,3,normal
0,5001,6,83105.0,3755951762.0,44919.124884326666,3.94,1.4591479170272448,1.9182958340544893,0.0,3,normal
0,38892,6,66171.5,4367367.0,66.00040006167617,3.939,1.4591479170272448,1.9182958340544893,0.0,3,normal
0,0,1,1.0,98.0,98.0,17.371,1.4591479170272448,1.9182958340544893,0.0,3,normal
0,0,1,1.0,98.0,98.0,17.37,1.4591479170272448,1.9182958340544893,0.0,3,normal
0,5001,6,41440.5,2303507265.0,48523.32416876913,11.261,1.4591479170272448,1.9182958340544893,0.0,3,normal
0,36240,6,13163.0,868848.0,66.00153990358865,11.253,1.4591479170272448,1.9182958340544893,0.0,3,normal
0,5001,6,45424.5,2009349557.0,44751.460742530995,5.941,1.4591479170272448,1.9182958340544893,0.0,3,normal
0,38892,6,43333.5,2860011.0,66.00029391054098,5.9399999999999995,1.4591479170272448,1.9182958340544893,0.0,3,normal
0,0,1,1.0,98.0,98.0,19.43,1.5566567074628228,1.8423709931771088,0.5,3,normal
0,0,1,1.0,98.0,98.0,19.429,1.5566567074628228,1.8423709931771088,0.5,3,normal
0,5001,6,84217.5,3747375559.0,47805.49993650149,13.32,1.5566567074628228,1.8423709931771088,0.5,3,normal
0,36240,6,79740.5,5262873.0,66.00106575022444,13.312,1.5566567074628228,1.8423709931771088,0.5,3,normal
0,5001,6,83434.5,3730512493.0,44739.171857939255,8.0,1.5566567074628228,1.8423709931771088,0.5,3,normal
0,38892,6,77070.5,5086707.0,66.0004243184385,7.999,1.5566567074628228,1.8423709931771088,0.5,3,normal
0,5001,17,223.0,337176.0,1512.0,1.5270000000000001,1.5566567074628228,1.8423709931771088,0.5,3,normal
0,0,1,1.0,98.0,98.0,21.431,1.5566567074628228,1.8423709931771088,0.0,3,normal
0,0,1,1.0,98.0,98.0,21.43,1.5566567074628228,1.8423709931771088,0.0,3,normal
0,5001,6,104244.0,4653880384.0,47234.04434918917,15.321,1.5566567074628228,1.8423709931771088,0.0,3,normal
0,36240,6,97385.5,6427449.0,66.00079133904669,15.313,1.5566567074628228,1.8423709931771088,0.0,3,normal
0,5001,6,116151.5,5210855079.0,44776.40548432012,10.001,1.5566567074628228,1.8423709931771088,0.0,3,normal
0,38892,6,106859.0,7052802.0,66.00060476119852,10.0,1.5566567074628228,1.8423709931771088,0.0,3,normal
0,5001,17,455.0,687960.0,1512.0,3.528,1.5566567074628228,1.8423709931771088,0.0,3,normal
0,0,1,1.0,98.0,98.0,23.436,1.5566567074628228,1.8423709931771088,0.0,3,normal
0,0,1,1.0,98.0,98.0,23.435,1.5566567074628228,1.8423709931771088,0.0,3,normal
0,5001,6,54835.0,2469377738.0,47042.91979016073,17.326,1.5566567074628228,1.8423709931771088,0.0,3,normal
0,36240,6,48118.5,3175833.0,66.00072686546685,17.318,1.5566567074628228,1.8423709931771088,0.0,3,normal
0,5001,6,50216.0,2246009800.0,44770.7015313626,12.006,1.5566567074628228,1.8423709931771088,0.0,3,normal
0,38892,6,46310.0,3056484.0,66.00059458092844,12.005,1.5566567074628228,1.8423709931771088,0.0,3,normal
0,5001,17,482.5,729540.0,1512.0,5.533,1.5566567074628228,1.8423709931771088,0.0,3,normal
0,0,1,1.0,98.0,98.0,25.448,1.5566567074628228,1.8423709931771088,0.0,3,normal
0,0,1,1.0,98.0,98.0,25.447,1.5566567074628228,1.8423709931771088,0.0,3,normal
0,5001,6,52499.0,2318946150.0,46822.51995965089,19.338,1.5566567074628228,1.8423709931771088,0.0,3,normal
0,36240,6,50909.0,3359994.0,66.00064560685398,19.33,1.5566567074628228,1.8423709931771088,0.0,3,normal
0,5001,6,49508.5,2198593185.0,44733.693152030275,14.018,1.5566567074628228,1.8423709931771088,0.0,3,normal
0,38892,6,47053.0,3105504.0,66.00054470248463,14.017,1.5566567074628228,1.8423709931771088,0.0,3,normal
0,5001,17,452.0,683424.0,1512.0,7.545,1.5566567074628228,1.8423709931771088,0.0,3,normal
0,0,1,1.0,98.0,98.0,27.449,1.5566567074628228,1.8423709931771088,0.0,3,normal
0,0,1,1.0,98.0,98.0,27.448,1.5566567074628228,1.8423709931771088,0.0,3,normal
0,5001,6,114858.5,5124108109.0,46504.758094527584,21.339,1.5566567074628228,1.8423709931771088,0.0,3,normal
0,36240,6,107667.5,7106055.0,66.00052215333193,21.331,1.5566567074628228,1.8423709931771088,0.0,3,normal
0,5001,6,107859.5,4822970903.0,44730.34673336304,16.019,1.5566567074628228,1.8423709931771088,0.0,3,normal
0,38892,6,100278.5,6618429.0,66.000532459705,16.018,1.5566567074628228,1.8423709931771088,0.0,3,normal
0,5001,17,460.0,695520.0,1512.0,9.546,1.5566567074628228,1.8423709931771088,0.0,3,normal
0,0,1,1.0,98.0,98.0,29.469,1.5566567074628228,1.8423709931771088,0.0,3,normal
0,0,1,1.0,98.0,98.0,29.468,1.5566567074628228,1.8423709931771088,0.0,3,normal
0,5001,6,100874.5,4445902969.0,46232.19604051289,23.359,1.5566567074628228,1.8423709931771088,0.0,3,normal
0,36240,6,98374.0,6492696.0,66.00046263608833,23.351,1.5566567074628228,1.8423709931771088,0.0,3,normal
0,5001,6,98241.0,4361680958.0,44683.04777084356,18.039,1.5566567074628228,1.8423709931771088,0.0,3,normal
0,38892,6,93472.0,6169170.0,66.00048237745878,18.038,1.5566567074628228,1.8423709931771088,0.0,3,normal
0,5001,17,458.0,692496.0,1512.0,11.566,1.5566567074628228,1.8423709931771088,0.0,3,normal
0,0,1,0.5,49.0,98.0,31.47,1.5566567074628228,1.8423709931771088,0.0,3,normal
0,0,1,0.5,49.0,98.0,31.469,1.5566567074628228,1.8423709931771088,0.0,3,normal
0,5001,6,49262.5,2268768277.0,46222.981029487615,25.36,1.5566567074628228,1.8423709931771088,0.0,3,normal
0,36240,6,35893.5,2369013.0,66.00049905316135,25.352,1.5566567074628228,1.8423709931771088,0.0,3,normal
0,5001,6,49048.0,2199185084.0,44693.28121380056,20.04,1.5566567074628228,1.8423709931771088,0.0,3,normal
0,38892,6,39743.0,2623044.0,66.00046283865474,20.039,1.5566567074628228,1.8423709931771088,0.0,3,normal
0,5001,17,460.5,696276.0,1512.0,13.567,1.5566567074628228,1.8423709931771088,0.0,3,normal
0,0,1,1.0,98.0,98.0,33.481,1.5566567074628228,1.8423709931771088,0.0,3,normal
0,0,1,1.0,98.0,98.0,33.48,1.5566567074628228,1.8423709931771088,0.0,3,normal
0,5001,6,78978.0,3546535280.0,46121.752467768834,27.371,1.5566567074628228,1.8423709931771088,0.0,3,normal
0,36240,6,66462.5,4386597.0,66.00054989440719,27.363,1.5566567074628228,1.8423709931771088,0.0,3,normal
0,5001,6,78197.0,3529594182.0,44735.717323005985,22.051,1.5566567074628228,1.8423709931771088,0.0,3,normal
0,38892,6,64833.5,4279059.0,66.00048718797133,22.05,1.5566567074628228,1.8423709931771088,0.0,3,normal
0,5001,17,525.0,793800.0,1512.0,15.578,1.5566567074628228,1.8423709931771088,0.0,3,normal
0,0,1,1.0,98.0,98.0,35.484,1.5566567074628228,1.8423709931771088,0.0,3,normal
0,0,1,1.0,98.0,98.0,35.483,1.5566567074628228,1.8423709931771088,0.0,3,normal
0,5001,6,62889.0,3185924410.0,46383.34883868026,29.374,1.5566567074628228,1.8423709931771088,0.0,3,normal
0,36240,6,37744.5,2491167.0,66.00056142802337,29.366,1.5566567074628228,1.8423709931771088,0.0,3,normal
0,5001,6,58027.5,2605219571.0,44746.35340468775,24.054,1.5566567074628228,1.8423709931771088,0.0,3,normal
0,38892,6,53147.5,3507777.0,66.00050752321098,24.053,1.5566567074628228,1.8423709931771088,0.0,3,normal
0,5001,17,369.0,557928.0,1512.0,17.581,1.5566567074628228,1.8423709931771088,0.0,3,normal
0,0,1,1.5,147.0,98.0,37.721,1.5566567074628228,1.8423709931771088,0.0,3,normal
0,0,1,1.5,147.0,98.0,37.72,1.5566567074628228,1.8423709931771088,0.0,3,normal
0,5001,6,44473.0,2557004362.0,46818.625134373026,31.611,1.5566567074628228,1.8423709931771088,0.0,3,normal
0,36240,6,9798.0,646794.0,66.000709949336,31.603,1.5566567074628228,1.8423709931771088,0.0,3,normal
0,5001,6,44955.5,2021120807.0,44756.69658036601,26.291,1.5566567074628228,1.8423709931771088,0.0,3,normal
0,38892,6,41085.0,2711658.0,66.00054010780552,26.29,1.5566567074628228,1.8423709931771088,0.0,3,normal
0,5001,17,468.5,708372.0,1512.0,19.818,1.5566567074628228,1.8423709931771088,0.0,3,normal
0,0,1,0.5,49.0,98.0,39.78,1.5566567074628228,1.8423709931771088,0.0,3,normal
0,0,1,0.5,49.0,98.0,39.779,1.5566567074628228,1.8423709931771088,0.0,3,normal
0,5001,6,48075.5,2464113223.0,46998.849083308756,33.67,1.5566567074628228,1.8423709931771088,0.0,3,normal
0,36240,6,26949.5,1778703.0,66.00073007068086,33.662,1.5566567074628228,1.8423709931771088,0.0,3,normal
0,5001,6,54912.0,2664179392.0,44968.29210475891,28.35,1.5566567074628228,1.8423709931771088,0.0,3,normal
0,38892,6,38519.0,2542308.0,66.00057818985277,28.349,1.5566567074628228,1.8423709931771088,0.0,3,normal
0,5001,17,399.0,603288.0,1512.0,21.877,1.5566567074628228,1.8423709931771088,0.0,3,normal
0,0,1,1.0,98.0,98.0,41.954,1.5566567074628228,1.8423709931771088,0.0,3,normal
0,0,1,1.0,98.0,98.0,41.953,1.5566567074628228,1.8423709931771088,0.0,3,normal
0,5001,6,32631.5,1498472419.0,46969.92767865403,35.844,1.5566567074628228,1.8423709931771088,0.0,3,normal
0,36240,6,24886.0,1642488.0,66.0007229242285,35.836,1.5566567074628228,1.8423709931771088,0.0,3,normal
0,5001,6,30228.5,1741131161.0,45347.76718377213,30.524,1.5566567074628228,1.8423709931771088,0.0,3,normal
0,38892,6,6616.5,436737.0,66.00062848506067,30.523,1.5566567074628228,1.8423709931771088,0.0,3,normal
0,5001,17,279.5,422604.0,1512.0,24.051,1.5566567074628228,1.8423709931771088,0.0,3,normal
0,0,1,1.0,98.0,98.0,43.961,1.5566567074628228,1.8423709931771088,0.0,3,normal
0,0,1,1.0,98.0,98.0,43.96,1.5566567074628228,1.8423709931771088,0.0,3,normal
0,5001,6,36782.5,1685529145.0,46936.29072957365,37.851,1.5566567074628228,1.8423709931771088,0.0,3,normal
0,36240,6,31004.0,2046318.0,66.0007582493164,37.843,1.5566567074628228,1.8423709931771088,0.0,3,normal
0,5001,6,46552.5,2500929585.0,45718.12758454942,32.531,1.5566567074628228,1.8423709931771088,0.0,3,normal
0,38892,6,18076.0,1193106.0,66.00071621530414,32.53,1.5566567074628228,1.8423709931771088,0.0,3,normal
0,5001,17,449.0,678888.0,1512.0,26.058,1.5566567074628228,1.8423709931771088,0.0,3,normal
0,0,1,1.0,98.0,98.0,45.967,1.5566567074628228,1.8423709931771088,0.0,3,normal
0,0,1,1.0,98.0,98.0,45.966,1.5566567074628228,1.8423709931771088,0.0,3,normal
0,5001,6,32840.0,1562429980.0,46952.65712474576,39.857,1.5566567074628228,1.8423709931771088,0.0,3,normal
0,36240,6,24761.5,1634295.0,66.00077699358981,39.849,1.5566567074628228,1.8423709931771088,0.0,3,normal
0,5001,6,40940.0,2184100352.0,46003.77988328862,34.537,1.5566567074628228,1.8423709931771088,0.0,3,normal
0,38892,6,17086.5,1127799.0,66.00080134433175,34.536,1.5566567074628228,1.8423709931771088,0.0,3,normal
0,5001,17,325.0,491400.0,1512.0,28.064,1.5566567074628228,1.8423709931771088,0.0,3,normal
0,0,1,1.0,98.0,98.0,47.968,1.5566567074628228,1.8423709931771088,0.0,3,normal
0,0,1,1.0,98.0,98.0,47.967,1.5566567074628228,1.8423709931771088,0.0,3,normal
0,5001,6,29677.5,1696313607.0,47182.91594890421,41.858,1.5566567074628228,1.8423709931771088,0.0,3,normal
0,36240,6,6759.0,446172.0,66.00085558216047,41.85,1.5566567074628228,1.8423709931771088,0.0,3,normal
0,5001,6,36163.0,1819383338.0,46141.634820645406,36.538,1.5566567074628228,1.8423709931771088,0.0,3,normal
0,38892,6,21977.5,1450545.0,66.00081458774858,36.537,1.5566567074628228,1.8423709931771088,0.0,3,normal
0,5001,17,384.0,580608.0,1512.0,30.065,1.5566567074628228,1.8423709931771088,0.0,3,normal
0,0,1,1.0,98.0,98.0,49.974,1.5566567074628228,1.8423709931771088,0.0,3,normal
0,0,1,1.0,98.0,98.0,49.973,1.5566567074628228,1.8423709931771088,0.0,3,normal
0,5001,6,75929.0,3374562394.0,47033.423383069734,43.864,1.5566567074628228,1.8423709931771088,0.0,3,normal
0,36240,6,67656.0,4465314.0,66.00081542953758,43.856,1.5566567074628228,1.8423709931771088,0.0,3,normal
0,5001,6,73924.0,3292231836.0,46042.989053147525,38.544,1.5566567074628228,1.8423709931771088,0.0,3,normal
0,38892,6,68861.5,4544877.0,66.00077665726712,38.543,1.5566567074628228,1.8423709931771088,0.0,3,normal
0,5001,17,518.5,783972.0,1512.0,32.071,1.5566567074628228,1.8423709931771088,0.0,3,normal
0,0,1,0.5,49.0,98.0,51.976,1.5566567074628228,1.8423709931771088,0.0,3,normal
0,0,1,0.5,49.0,98.0,51.975,1.5566567074628228,1.8423709931771088,0.0,3,normal
0,5001,6,98996.0,4388658804.0,46853.954533910175,45.866,1.5566567074628228,1.8423709931771088,0.0,3,normal
0,36240,6,93315.5,6158859.0,66.00077853453297,45.858,1.5566567074628228,1.8423709931771088,0.0,3,normal
0,5001,6,99670.0,4439434380.0,45928.15790915264,40.546,1.5566567074628228,1.8423709931771088,0.0,3,normal
0,38892,6,92252.0,6088644.0,66.00072226133457,40.545,1.5566567074628228,1.8423709931771088,0.0,3,normal
0,5001,17,493.5,746172.0,1512.0,34.073,1.5566567074628228,1.8423709931771088,0.0,3,normal
0,0,1,1.0,98.0,98.0,53.988,1.5566567074628228,1.8423709931771088,0.0,3,normal
0,0,1,1.0,98.0,98.0,53.987,1.5566567074628228,1.8423709931771088,0.0,3,normal
0,5001,6,78836.5,3641829873.0,46820.833134709974,47.878,1.5566567074628228,1.8423709931771088,0.0,3,normal
0,36240,6,64297.0,4243632.0,66.00076110774192,47.87,1.5566567074628228,1.8423709931771088,0.0,3,normal
0,5001,6,87293.0,3894503926.0,45845.678760440875,42.558,1.5566567074628228,1.8423709931771088,0.0,3,normal
0,38892,6,79283.5,5232711.0,66.00067356131512,42.557,1.5566567074628228,1.8423709931771088,0.0,3,normal
0,5001,17,485.0,733320.0,1512.0,36.085,1.5566567074628228,1.8423709931771088,0.0,3,normal
0,0,1,1.0,98.0,98.0,56.001,1.5566567074628228,1.8423709931771088,0.0,3,normal
0,0,1,1.0,98.0,98.0,56.0,1.5566567074628228,1.8423709931771088,0.0,3,normal
0,5001,6,105412.0,4691182072.0,46674.9454789537,49.891,1.5566567074628228,1.8423709931771088,0.0,3,normal
0,36240,6,99763.5,6584457.0,66.00075316768175,49.883,1.5566567074628228,1.8423709931771088,0.0,3,normal
0,5001,6,98822.0,4407629472.0,45763.146790555285,44.571,1.5566567074628228,1.8423709931771088,0.0,3,normal
0,38892,6,92659.0,6115536.0,66.00065747022957,44.57,1.5566567074628228,1.8423709931771088,0.0,3,normal
0,5001,17,481.0,727272.0,1512.0,38.098,1.5566567074628228,1.8423709931771088,0.0,3,normal
0,0,1,1.0,98.0,98.0,58.005,1.5566567074628228,1.8423709931771088,0.0,3,normal
0,0,1,1.0,98.0,98.0,58.004,1.5566567074628228,1.8423709931771088,0.0,3,normal
0,5001,6,87740.0,3870416180.0,46547.359186874324,51.895,1.5566567074628228,1.8423709931771088,0.0,3,normal
0,36240,6,84198.0,5557068.0,66.00070566264307,51.887,1.5566567074628228,1.8423709931771088,0.0,3,normal
0,5001,6,76574.5,3430032057.0,45715.73043025456,46.575,1.5566567074628228,1.8423709931771088,0.0,3,normal
0,38892,6,70445.0,4649388.0,66.00063632259315,46.574,1.5566567074628228,1.8423709931771088,0.0,3,normal
0,5001,17,479.0,724248.0,1512.0,40.102,1.5566567074628228,1.8423709931771088,0.0,3,normal
0,0,1,1.0,98.0,98.0,60.015,1.5566567074628228,1.8423709931771088,0.0,3,normal
0,0,1,1.0,98.0,98.0,60.014,1.5566567074628228,1.8423709931771088,0.0,3,normal
0,5001,6,92749.0,4109529986.0,46435.39847927398,53.905,1.5566567074628228,1.8423709931771088,0.0,3,normal
0,36240,6,88928.5,5869317.0,66.00068687300013,53.897,1.5566567074628228,1.8423709931771088,0.0,3,normal
0,5001,6,86599.0,3832003098.0,45638.92598371073,48.585,1.5566567074628228,1.8423709931771088,0.0,3,normal
0,38892,6,83096.0,5484354.0,66.00061179735162,48.584,1.5566567074628228,1.8423709931771088,0.0,3,normal
0,5001,17,448.5,678132.0,1512.0,42.112,1.5566567074628228,1.8423709931771088,0.0,3,normal
0,0,1,1.0,98.0,98.0,62.016,1.5566567074628228,1.8423709931771088,0.0,3,normal
0,0,1,1.0,98.0,98.0,62.015,1.5566567074628228,1.8423709931771088,0.0,3,normal
0,5001,6,76402.5,3449768393.0,46384.65278374268,55.906,1.5566567074628228,1.8423709931771088,0.0,3,normal
0,36240,6,67495.5,4454733.0,66.00067590243536,55.898,1.5566567074628228,1.8423709931771088,0.0,3,normal
0,5001,6,80223.5,3532474851.0,45564.57720004593,50.586,1.5566567074628228,1.8423709931771088,0.0,3,normal
0,38892,6,78254.5,5164797.0,66.00057988634228,50.585,1.5566567074628228,1.8423709931771088,0.0,3,normal
0,5001,17,531.0,802872.0,1512.0,44.113,1.5566567074628228,1.8423709931771088,0.0,3,normal
0,0,1,1.0,98.0,98.0,64.045,1.5566567074628228,1.8423709931771088,0.0,3,normal
0,0,1,1.0,98.0,98.0,64.044,1.5566567074628228,1.8423709931771088,0.0,3,normal
0,5001,6,49601.5,2845741503.0,46659.757487863695,57.935,1.5566567074628228,1.8423709931771088,0.0,3,normal
0,36240,6,11009.0,726798.0,66.0008067369189,57.927,1.5566567074628228,1.8423709931771088,0.0,3,normal
0,5001,6,85516.0,3825214984.0,45525.37543024918,52.615,1.5566567074628228,1.8423709931771088,0.0,3,normal
0,38892,6,79311.0,5234562.0,66.00057356111179,52.614,1.5566567074628228,1.8423709931771088,0.0,3,normal
0,5001,17,465.5,703836.0,1512.0,46.142,1.5566567074628228,1.8423709931771088,0.0,3,normal
0,0,1,1.0,98.0,98.0,66.058,1.5566567074628228,1.8423709931771088,0.0,3,normal
0,0,1,1.0,98.0,98.0,66.057,1.5566567074628228,1.8423709931771088,0.0,3,normal
0,5001,6,58955.5,3385249455.0,46970.73877846239,59.948,1.5566567074628228,1.8423709931771088,0.0,3,normal
0,36240,6,13062.5,862245.0,66.00087896946769,59.94,1.5566567074628228,1.8423709931771088,0.0,3,normal
0,5001,6,102837.0,4543880566.0,45453.645176602855,54.628,1.5566567074628228,1.8423709931771088,0.0,3,normal
0,38892,6,99589.5,6572931.0,66.00055383697362,54.627,1.5566567074628228,1.8423709931771088,0.0,3,normal
0,5001,17,462.5,699300.0,1512.0,48.155,1.5566567074628228,1.8423709931771088,0.0,3,normal
0,0,1,1.0,98.0,98.0,68.061,1.5566567074628228,1.8423709931771088,0.0,3,normal
0,0,1,1.0,98.0,98.0,68.06,1.5566567074628228,1.8423709931771088,0.0,3,normal
0,5001,6,58153.0,2684981850.0,46948.57278575505,61.951,1.5566567074628228,1.8423709931771088,0.0,3,normal
0,36240,6,49482.5,3265905.0,66.00088951740166,61.943,1.5566567074628228,1.8423709931771088,0.0,3,normal
0,5001,6,69741.0,3101803358.0,45419.40144178732,56.631,1.5566567074628228,1.8423709931771088,0.0,3,normal
0,38892,6,66085.0,4361634.0,66.00054661731832,56.63,1.5566567074628228,1.8423709931771088,0.0,3,normal
0,5001,17,318.0,480816.0,1512.0,50.158,1.5566567074628228,1.8423709931771088,0.0,3,normal
0,0,1,1.0,98.0,98.0,70.064,1.5566567074628228,1.8423709931771088,0.0,3,normal
0,0,1,1.0,98.0,98.0,70.063,1.5566567074628228,1.8423709931771088,0.0,3,normal
0,5001,6,105105.5,4675857231.0,46831.15731602317,63.954,1.5566567074628228,1.8423709931771088,0.0,3,normal
0,36240,6,99518.5,6568263.0,66.00086156552584,63.946,1.5566567074628228,1.8423709931771088,0.0,3,normal
0,5001,6,103209.0,4581232142.0,45368.56658692299,58.634,1.5566567074628228,1.8423709931771088,0.0,3,normal
0,38892,6,98409.0,6495060.0,66.00055323879278,58.633,1.5566567074628228,1.8423709931771088,0.0,3,normal
0,5001,17,476.5,720468.0,1512.0,52.161,1.5566567074628228,1.8423709931771088,0.0,3,normal
0,0,1,1.0,98.0,98.0,72.078,1.5566567074628228,1.8423709931771088,0.0,3,normal
0,0,1,1.0,98.0,98.0,72.077,1.5566567074628228,1.8423709931771088,0.0,3,normal
0,5001,6,110558.0,4884946148.0,46704.69368414274,65.968,1.5566567074628228,1.8423709931771088,0.0,3,normal
0,36240,6,107002.5,7062189.0,66.00082307105423,65.96,1.5566567074628228,1.8423709931771088,0.0,3,normal
0,5001,6,107673.5,4782663867.0,45322.093425469604,60.648,1.5566567074628228,1.8423709931771088,0.0,3,normal
0,38892,6,102326.5,6753561.0,66.00053031451453,60.647,1.5566567074628228,1.8423709931771088,0.0,3,normal
0,5001,17,469.5,709884.0,1512.0,54.175,1.5566567074628228,1.8423709931771088,0.0,3,normal
0,0,1,1.0,98.0,98.0,74.098,1.5566567074628228,1.8423709931771088,0.0,3,normal
0,0,1,1.0,98.0,98.0,74.097,1.5566567074628228,1.8423709931771088,0.0,3,normal
0,5001,6,116199.5,5147204927.0,46589.52663990547,67.988,1.5566567074628228,1.8423709931771088,0.0,3,normal
0,36240,6,111678.0,7370796.0,66.0007997482864,67.98,1.5566567074628228,1.8423709931771088,0.0,3,normal
0,5001,6,108093.0,4840505074.0,45296.77023684007,62.668,1.5566567074628228,1.8423709931771088,0.0,3,normal
0,38892,6,100032.5,6602205.0,66.0005337119495,62.667,1.5566567074628228,1.8423709931771088,0.0,3,normal
0,5001,17,471.0,712152.0,1512.0,56.195,1.5566567074628228,1.8423709931771088,0.0,3,normal
0,0,1,1.0,98.0,98.0,76.126,1.5566567074628228,1.8423709931771088,0.0,3,normal
0,0,1,1.0,98.0,98.0,76.125,1.5566567074628228,1.8423709931771088,0.0,3,normal
0,5001,6,115354.5,5142822337.0,46498.581249447525,70.016,1.5566567074628228,1.8423709931771088,0.0,3,normal
0,36240,6,106590.5,7035027.0,66.00078404449351,70.008,1.5566567074628228,1.8423709931771088,0.0,3,normal
0,5001,6,114395.5,5174449467.0,45293.7602975121,64.696,1.5566567074628228,1.8423709931771088,0.0,3,normal
0,38892,6,99412.0,6561276.0,66.0005481343274,64.695,1.5566567074628228,1.8423709931771088,0.0,3,normal
0,5001,17,485.5,734076.0,1512.0,58.223,1.5566567074628228,1.8423709931771088,0.0,3,normal
0,0,1,1.0,98.0,98.0,78.135,1.5566567074628228,1.8423709931771088,0.0,3,normal
0,0,1,1.0,98.0,98.0,78.134,1.5566567074628228,1.8423709931771088,0.0,3,normal
0,5001,6,129987.5,5778305411.0,46399.181667836296,72.025,1.5566567074628228,1.8423709931771088,0.0,3,normal
0,36240,6,123253.5,8134755.0,66.00074966758348,72.017,1.5566567074628228,1.8423709931771088,0.0,3,normal
0,5001,6,130261.5,5816202447.0,45260.945136357135,66.705,1.5566567074628228,1.8423709931771088,0.0,3,normal
0,38892,6,121712.0,8033004.0,66.00052400094125,66.704,1.5566567074628228,1.8423709931771088,0.0,3,normal
0,5001,17,444.0,671328.0,1512.0,60.232,1.5566567074628228,1.8423709931771088,0.0,3,normal
0,0,1,1.0,98.0,98.0,80.15,1.5566567074628228,1.8423709931771088,0.0,3,normal
0,0,1,1.0,98.0,98.0,80.149,1.5566567074628228,1.8423709931771088,0.0,3,normal
0,5001,6,114834.5,5124700041.0,46326.237887998184,74.04,1.5566567074628228,1.8423709931771088,0.0,3,normal
0,36240,6,106526.0,7030758.0,66.0007326098098,74.032,1.5566567074628228,1.8423709931771088,0.0,3,normal
0,5001,6,120700.0,5432028056.0,45249.36974885561,68.72,1.5566567074628228,1.8423709931771088,0.0,3,normal
0,38892,6,107277.0,7080360.0,66.00053317644075,68.719,1.5566567074628228,1.8423709931771088,0.0,3,normal
0,5001,17,490.0,740880.0,1512.0,62.247,1.5566567074628228,1.8423709931771088,0.0,3,normal
0,0,1,1.0,98.0,98.0,82.152,1.5566567074628228,1.8423709931771088,0.0,3,normal
0,0,1,1.0,98.0,98.0,82.151,1.5566567074628228,1.8423709931771088,0.0,3,normal
0,5001,6,52134.0,2380695012.0,46314.107986395626,76.042,1.5566567074628228,1.8423709931771088,0.0,3,normal
0,36240,6,27203.5,1795455.0,66.00073442158292,76.034,1.5566567074628228,1.8423709931771088,0.0,3,normal
0,5001,6,53375.5,2436711535.0,45257.250325337,70.722,1.5566567074628228,1.8423709931771088,0.0,3,normal
0,38892,6,27928.5,1843305.0,66.00053696817777,70.721,1.5566567074628228,1.8423709931771088,0.0,3,normal
0,5001,17,746.5,1128708.0,1512.0,64.249,1.5566567074628228,1.8423709931771088,0.0,3,normal
0,0,1,1.0,98.0,98.0,84.156,1.5566567074628228,1.8423709931771088,0.0,3,normal
0,0,1,1.0,98.0,98.0,84.155,1.5566567074628228,1.8423709931771088,0.0,3,normal
0,5001,6,40328.0,2264016868.0,46451.572353762116,78.046,1.5566567074628228,1.8423709931771088,0.0,3,normal
0,36240,6,10587.0,698802.0,66.00075755796979,78.038,1.5566567074628228,1.8423709931771088,0.0,3,normal
0,5001,6,69027.5,3153805919.0,45267.90575059517,72.726,1.5566567074628228,1.8423709931771088,0.0,3,normal
0,38892,6,56770.5,3746907.0,66.0005465308608,72.725,1.5566567074628228,1.8423709931771088,0.0,3,normal
0,5001,17,505.5,764316.0,1512.0,66.253,1.5566567074628228,1.8423709931771088,0.0,3,normal
0,0,1,1.0,98.0,98.0,86.16,1.5566567074628228,1.8423709931771088,0.0,3,normal
0,0,1,1.0,98.0,98.0,86.159,1.5566567074628228,1.8423709931771088,0.0,3,normal
0,5001,6,89494.0,3968609512.0,46388.14084853925,80.05,1.5566567074628228,1.8423709931771088,0.0,3,normal
0,36240,6,83664.0,5521860.0,66.00074586155768,80.042,1.5566567074628228,1.8423709931771088,0.0,3,normal
0,5001,6,78909.0,3576191798.0,45269.34722926409,74.73,1.5566567074628228,1.8423709931771088,0.0,3,normal
0,38892,6,69250.5,4570581.0,66.0005505462352,74.729,1.5566567074628228,1.8423709931771088,0.0,3,normal
0,5001,17,487.5,737100.0,1512.0,68.257,1.5566567074628228,1.8423709931771088,0.0,3,normal
0,0,1,0.5,49.0,98.0,88.172,1.5566567074628228,1.8423709931771088,0.0,3,normal
0,0,1,0.5,49.0,98.0,88.171,1.5566567074628228,1.8423709931771088,0.0,3,normal
0,5001,6,78922.0,3514536836.0,46340.12220060864,82.062,1.5566567074628228,1.8423709931771088,0.0,3,normal
0,36240,6,74436.5,4912869.0,66.00074771663859,82.054,1.5566567074628228,1.8423709931771088,0.0,3,normal
0,5001,6,69415.5,3108532831.0,45257.85339339545,76.742,1.5566567074628228,1.8423709931771088,0.0,3,normal
0,38892,6,63686.5,4203339.0,66.0005485932268,76.741,1.5566567074628228,1.8423709931771088,0.0,3,normal
0,5001,17,345.5,522396.0,1512.0,70.269,1.5566567074628228,1.8423709931771088,0.0,3,normal
0,0,1,1.0,98.0,98.0,90.241,1.5566567074628228,1.8423709931771088,0.0,3,normal
0,0,1,1.0,98.0,98.0,90.24,1.5566567074628228,1.8423709931771088,0.0,3,normal
0,5001,6,105030.5,4690341193.0,46284.10836585902,84.131,1.5566567074628228,1.8423709931771088,0.0,3,normal
0,36240,6,98248.0,6484470.0,66.00075907020266,84.123,1.5566567074628228,1.8423709931771088,0.0,3,normal
0,5001,6,104375.0,4663816094.0,45238.19313698108,78.811,1.5566567074628228,1.8423709931771088,0.0,3,normal
0,38892,6,97324.5,6423453.0,66.00054212654156,78.81,1.5566567074628228,1.8423709931771088,0.0,3,normal
0,5001,17,429.5,649404.0,1512.0,72.338,1.5566567074628228,1.8423709931771088,0.0,3,normal
0,0,1,1.0,98.0,98.0,92.292,1.5566567074628228,1.8423709931771088,0.0,3,normal
0,0,1,1.0,98.0,98.0,92.291,1.5566567074628228,1.8423709931771088,0.0,3,normal
0,5001,6,35385.5,1605282707.0,46273.923874840555,86.182,1.5566567074628228,1.8423709931771088,0.0,3,normal
0,36240,6,31179.0,2057838.0,66.00075920103914,86.174,1.5566567074628228,1.8423709931771088,0.0,3,normal
0,5001,6,38603.5,1740365943.0,45236.255108748206,80.862,1.5566567074628228,1.8423709931771088,0.0,3,normal
0,38892,6,34766.0,2294556.0,66.00053520790698,80.861,1.5566567074628228,1.8423709931771088,0.0,3,normal
0,5001,17,491.5,743148.0,1512.0,74.389,1.5566567074628228,1.8423709931771088,0.0,3,normal
0,0,1,1.0,98.0,98.0,94.3,1.5566567074628228,1.8423709931771088,0.0,3,normal
0,0,1,1.0,98.0,98.0,94.299,1.5566567074628228,1.8423709931771088,0.0,3,normal
0,5001,6,85649.0,3770403878.0,46215.05790737627,88.19,1.5566567074628228,1.8423709931771088,0.0,3,normal
0,36240,6,83981.0,5542770.0,66.00074407663077,88.182,1.5566567074628228,1.8423709931771088,0.0,3,normal
0,5001,6,81463.0,3608906554.0,45212.22910784647,82.87,1.5566567074628228,1.8423709931771088,0.0,3,normal
0,38892,6,78126.0,5156322.0,66.00052242781913,82.869,1.5566567074628228,1.8423709931771088,0.0,3,normal
0,5001,17,473.0,715176.0,1512.0,76.397,1.5566567074628228,1.8423709931771088,0.0,3,normal
0,0,1,1.0,98.0,98.0,96.303,1.5566567074628228,1.8423709931771088,0.0,3,normal
0,0,1,1.0,98.0,98.0,96.302,1.5566567074628228,1.8423709931771088,0.0,3,normal
0,5001,6,96477.5,4284367591.0,46163.378612064385,90.193,1.5566567074628228,1.8423709931771088,0.0,3,normal
0,36240,6,91805.5,6059229.0,66.00074322742282,90.185,1.5566567074628228,1.8423709931771088,0.0,3,normal
0,5001,6,92448.0,4110064908.0,45190.86339955203,84.873,1.5566567074628228,1.8423709931771088,0.0,3,normal
0,38892,6,87326.0,5763522.0,66.00050871617687,84.872,1.5566567074628228,1.8423709931771088,0.0,3,normal
0,5001,17,475.0,718200.0,1512.0,78.4,1.5566567074628228,1.8423709931771088,0.0,3,normal
0,0,1,1.0,98.0,98.0,98.303,1.5566567074628228,1.8423709931771088,0.0,3,normal
0,0,1,1.0,98.0,98.0,98.302,1.5566567074628228,1.8423709931771088,0.0,3,normal
0,5001,6,50302.0,2278534316.0,46150.65165332203,92.193,1.5566567074628228,1.8423709931771088,0.0,3,normal
0,36240,6,39362.0,2597910.0,66.00073914944913,92.185,1.5566567074628228,1.8423709931771088,0.0,3,normal
0,5001,6,56059.0,2545087982.0,45194.39860205281,86.873,1.5566567074628228,1.8423709931771088,0.0,3,normal
0,38892,6,40286.5,2658915.0,66.00050376913858,86.872,1.5566567074628228,1.8423709931771088,0.0,3,normal
0,5001,17,621.0,938952.0,1512.0,80.4,1.5566567074628228,1.8423709931771088,0.0,3,normal
0,0,1,1.0,98.0,98.0,100.31,1.5566567074628228,1.8423709931771088,0.0,3,normal
0,0,1,1.0,98.0,98.0,100.309,1.5566567074628228,1.8423709931771088,0.0,3,normal
0,5001,6,115554.0,5132447552.0,46094.020231879775,94.2,1.5566567074628228,1.8423709931771088,0.0,3,normal
0,36240,6,109848.5,7250043.0,66.00072549178464,94.192,1.5566567074628228,1.8423709931771088,0.0,3,normal
0,5001,6,107139.0,4764297394.0,45171.69518513281,88.88,1.5566567074628228,1.8423709931771088,0.0,3,normal
0,38892,6,101365.5,6690135.0,66.00049088190167,88.879,1.5566567074628228,1.8423709931771088,0.0,3,normal
0,5001,17,448.5,678132.0,1512.0,82.407,1.5566567074628228,1.8423709931771088,0.0,3,normal
0,0,1,1.0,98.0,98.0,102.311,1.5566567074628228,1.8423709931771088,0.0,3,normal
0,0,1,1.0,98.0,98.0,102.31,1.5566567074628228,1.8423709931771088,0.0,3,normal
0,5001,6,102116.5,4520175201.0,46042.72798620379,96.201,1.5566567074628228,1.8423709931771088,0.0,3,normal
0,36240,6,98230.5,6483249.0,66.00071360993635,96.193,1.5566567074628228,1.8423709931771088,0.0,3,normal
0,5001,6,100748.5,4479648345.0,45151.46998792423,90.881,1.5566567074628228,1.8423709931771088,0.0,3,normal
0,38892,6,95395.5,6296133.0,66.00048549984976,90.88,1.5566567074628228,1.8423709931771088,0.0,3,normal
0,5001,17,460.5,696276.0,1512.0,84.408,1.5566567074628228,1.8423709931771088,0.0,3,normal
0,0,1,1.0,98.0,98.0,104.383,1.5566567074628228,1.8423709931771088,0.0,3,normal
0,0,1,1.0,98.0,98.0,104.382,1.5566567074628228,1.8423709931771088,0.0,3,normal
0,5001,6,99492.5,4391353021.0,45992.05987079908,98.273,1.5566567074628228,1.8423709931771088,0.0,3,normal
0,36240,6,96676.5,6380673.0,66.00069893002036,98.265,1.5566567074628228,1.8423709931771088,0.0,3,normal
0,5001,6,103121.5,4584871263.0,45131.85134152898,92.953,1.5566567074628228,1.8423709931771088,0.0,3,normal
0,38892,6,97593.5,6441183.0,66.0004745263111,92.952,1.5566567074628228,1.8423709931771088,0.0,3,normal
0,5001,17,438.5,663012.0,1512.0,86.48,1.5566567074628228,1.8423709931771088,0.0,3,normal
0,0,1,1.0,98.0,98.0,106.388,1.5566567074628228,1.8423709931771088,0.0,3,normal
0,0,1,1.0,98.0,98.0,106.387,1.5566567074628228,1.8423709931771088,0.0,3,normal
0,5001,6,114220.5,5315304497.0,46008.1594052644,100.278,1.5566567074628228,1.8423709931771088,0.0,3,normal
0,36240,6,94427.5,6232263.0,66.00069323278187,100.27,1.5566567074628228,1.8423709931771088,0.0,3,normal
0,5001,6,113375.5,5063377583.0,45117.56787877525,94.958,1.5566567074628228,1.8423709931771088,0.0,3,normal
0,38892,6,105796.5,6982593.0,66.0004666576278,94.957,1.5566567074628228,1.8423709931771088,0.0,3,normal
0,5001,17,494.5,747684.0,1512.0,88.485,1.5566567074628228,1.8423709931771088,0.0,3,normal
0,0,1,1.0,98.0,98.0,108.403,1.5566567074628228,1.8423709931771088,0.0,3,normal
0,0,1,1.0,98.0,98.0,108.402,1.5566567074628228,1.8423709931771088,0.0,3,normal
0,5001,6,83771.0,3875037130.0,46013.46208845553,102.293,1.5566567074628228,1.8423709931771088,0.0,3,normal
0,36240,6,69764.5,4604505.0,66.00069312034697,102.285,1.5566567074628228,1.8423709931771088,0.0,3,normal
0,5001,6,74482.0,3312846880.0,45105.10026307822,96.973,1.5566567074628228,1.8423709931771088,0.0,3,normal
0,38892,6,69849.0,4610052.0,66.00046236470428,96.972,1.5566567074628228,1.8423709931771088,0.0,3,normal
0,5001,17,428.5,647892.0,1512.0,90.5,1.5566567074628228,1.8423709931771088,0.0,3,normal
0,0,1,1.0,98.0,98.0,110.468,1.5566567074628228,1.8423709931771088,0.0,3,normal
0,0,1,1.0,98.0,98.0,110.467,1.5566567074628228,1.8423709931771088,0.0,3,normal
0,5001,6,32547.0,1480810414.0,46009.234651127714,104.358,1.5566567074628228,1.8423709931771088,0.0,3,normal
0,36240,6,26143.5,1725507.0,66.00069861321897,104.35,1.5566567074628228,1.8423709931771088,0.0,3,normal
0,5001,6,30922.5,1411066441.0,45109.33638458859,99.038,1.5566567074628228,1.8423709931771088,0.0,3,normal
0,38892,6,26153.5,1726149.0,66.00046408899767,99.037,1.5566567074628228,1.8423709931771088,0.0,3,normal
0,5001,17,392.0,592704.0,1512.0,92.565,1.5566567074628228,1.8423709931771088,0.0,3,normal
0,0,1,1.0,98.0,98.0,112.471,1.5566567074628228,1.8423709931771088,0.0,3,normal
0,0,1,1.0,98.0,98.0,112.47,1.5566567074628228,1.8423709931771088,0.0,3,normal
0,5001,6,30226.0,1412006060.0,46014.56493655289,106.361,1.5566567074628228,1.8423709931771088,0.0,3,normal
0,36240,6,23277.5,1536357.0,66.00070646425469,106.353,1.5566567074628228,1.8423709931771088,0.0,3,normal
0,5001,6,30487.0,1451145670.0,45128.90115538029,101.041,1.5566567074628228,1.8423709931771088,0.0,3,normal
0,38892,6,21987.0,1451172.0,66.00046983022888,101.04,1.5566567074628228,1.8423709931771088,0.0,3,normal
0,5001,17,321.5,486108.0,1512.0,94.568,1.5566567074628228,1.8423709931771088,0.0,3,normal
0,0,1,1.0,98.0,98.0,114.477,1.5566567074628228,1.8423709931771088,0.0,3,normal
0,0,1,1.0,98.0,98.0,114.476,1.5566567074628228,1.8423709931771088,0.0,3,normal
0,5001,6,45441.5,2031079467.0,45999.76699626675,108.367,1.5566567074628228,1.8423709931771088,0.0,3,normal
0,36240,6,42042.0,2774796.0,66.00070474721034,108.359,1.5566567074628228,1.8423709931771088,0.0,3,normal
0,5001,6,46906.0,2181057812.0,45145.26346842736,103.047,1.5566567074628228,1.8423709931771088,0.0,3,normal
0,38892,6,37520.0,2476362.0,66.00047682246884,103.046,1.5566567074628228,1.8423709931771088,0.0,3,normal
0,5001,17,435.0,657720.0,1512.0,96.574,1.5566567074628228,1.8423709931771088,0.0,3,normal
0,0,1,0.5,49.0,98.0,116.617,1.5566567074628228,1.8423709931771088,0.0,3,normal
0,0,1,0.5,49.0,98.0,116.616,1.5566567074628228,1.8423709931771088,0.0,3,normal
0,5001,6,34955.5,1878126903.0,46065.95184695439,110.507,1.5566567074628228,1.8423709931771088,0.0,3,normal
0,36240,6,15060.0,993978.0,66.00070696178973,110.499,1.5566567074628228,1.8423709931771088,0.0,3,normal
0,5001,6,34706.5,1867544441.0,45221.18321047399,105.187,1.5566567074628228,1.8423709931771088,0.0,3,normal
0,38892,6,14527.5,958851.0,66.00048512878841,105.186,1.5566567074628228,1.8423709931771088,0.0,3,normal
0,5001,17,247.5,374220.0,1512.0,98.714,1.5566567074628228,1.8423709931771088,0.0,3,normal
0,0,1,1.0,98.0,98.0,118.626,1.5566567074628228,1.8423709931771088,0.0,3,normal
0,0,1,1.0,98.0,98.0,118.625,1.5566567074628228,1.8423709931771088,0.0,3,normal
0,5001,6,17266.0,980219736.0,46111.04149481644,112.516,1.5566567074628228,1.8423709931771088,0.0,3,normal
0,36240,6,3992.5,263541.0,66.00071689696807,112.508,1.5566567074628228,1.8423709931771088,0.0,3,normal
0,5001,6,17371.0,989694042.0,45272.501225533015,107.196,1.5566567074628228,1.8423709931771088,0.0,3,normal
0,38892,6,3911.5,258189.0,66.00049314885533,107.195,1.5566567074628228,1.8423709931771088,0.0,3,normal
0,5001,17,341.0,515592.0,1512.0,100.723,1.5566567074628228,1.8423709931771088,0.0,3,normal
0,0,1,0.5,49.0,98.0,120.669,1.5566567074628228,1.8423709931771088,0.0,3,normal
0,0,1,0.5,49.0,98.0,120.668,1.5566567074628228,1.8423709931771088,0.0,3,normal
0,5001,6,28116.0,1353272520.0,46124.80597226098,114.559,1.5566567074628228,1.8423709931771088,0.0,3,normal
0,36240,6,20781.0,1371546.0,66.00071246331662,114.551,1.5566567074628228,1.8423709931771088,0.0,3,normal
0,5001,6,27286.0,1230764384.0,45271.36752884432,109.239,1.5566567074628228,1.8423709931771088,0.0,3,normal
0,38892,6,24196.5,1596969.0,66.00048976683499,109.238,1.5566567074628228,1.8423709931771088,0.0,3,normal
0,5001,17,263.5,398412.0,1512.0,102.766,1.5566567074628228,1.8423709931771088,0.0,3,normal
0,0,1,1.0,98.0,98.0,122.742,1.5566567074628228,1.8423709931771088,0.0,3,normal
0,0,1,1.0,98.0,98.0,122.741,1.5566567074628228,1.8423709931771088,0.0,3,normal
0,5001,6,39617.0,1832299966.0,46125.99945671384,116.632,1.5566567074628228,1.8423709931771088,0.0,3,normal
0,36240,6,33151.5,2188011.0,66.00070903917383,116.624,1.5566567074628228,1.8423709931771088,0.0,3,normal
0,5001,6,40200.0,1823540764.0,45272.26520785366,111.312,1.5566567074628228,1.8423709931771088,0.0,3,normal
0,38892,6,35424.0,2338008.0,66.00049163304813,111.311,1.5566567074628228,1.8423709931771088,0.0,3,normal
0,5001,17,418.0,632016.0,1512.0,104.839,1.5566567074628228,1.8423709931771088,0.0,3,normal
0,0,1,1.0,98.0,98.0,124.851,1.5566567074628228,1.8423709931771088,0.0,3,normal
0,0,1,1.0,98.0,98.0,124.85,1.5566567074628228,1.8423709931771088,0.0,3,normal
0,5001,6,26374.5,1219188081.0,46126.628487525355,118.741,1.5566567074628228,1.8423709931771088,0.0,3,normal
0,36240,6,17120.0,1129920.0,66.00070547988686,118.733,1.5566567074628228,1.8423709931771088,0.0,3,normal
0,5001,6,27315.0,1275795938.0,45281.885473119786,113.421,1.5566567074628228,1.8423709931771088,0.0,3,normal
0,38892,6,17392.0,1147944.0,66.00050935130174,113.42,1.5566567074628228,1.8423709931771088,0.0,3,normal
0,5001,17,584.0,883008.0,1512.0,106.948,1.5566567074628228,1.8423709931771088,0.0,3,normal
0,0,1,1.0,98.0,98.0,126.952,1.5566567074628228,1.8423709931771088,0.0,3,normal
0,0,1,1.0,98.0,98.0,126.951,1.5566567074628228,1.8423709931771088,0.0,3,normal
0,5001,6,29698.0,1388178188.0,46130.96385355026,120.842,1.5566567074628228,1.8423709931771088,0.0,3,normal
0,36240,6,24227.0,1599000.0,66.00070574434848,120.834,1.5566567074628228,1.8423709931771088,0.0,3,normal
0,5001,6,28110.5,1285183537.0,45284.88146303241,115.522,1.5566567074628228,1.8423709931771088,0.0,3,normal
0,38892,6,23891.0,1576830.0,66.00051263323297,115.521,1.5566567074628228,1.8423709931771088,0.0,3,normal
0,5001,17,296.0,447552.0,1512.0,109.049,1.5566567074628228,1.8423709931771088,0.0,3,normal
0,0,1,1.0,98.0,98.0,128.961,1.5566567074628228,1.8423709931771088,0.0,3,normal
0,0,1,1.0,98.0,98.0,128.96,1.5566567074628228,1.8423709931771088,0.0,3,normal
0,5001,6,41065.5,1956682063.0,46145.571158325576,122.851,1.5566567074628228,1.8423709931771088,0.0,3,normal
0,36240,6,29920.0,1974732.0,66.00070311319531,122.843,1.5566567074628228,1.8423709931771088,0.0,3,normal
0,5001,6,42664.0,1941552552.0,45287.178453004206,117.531,1.5566567074628228,1.8423709931771088,0.0,3,normal
0,38892,6,35968.5,2373975.0,66.00052240046033,117.53,1.5566567074628228,1.8423709931771088,0.0,3,normal
0,5001,17,458.5,693252.0,1512.0,111.058,1.5566567074628228,1.8423709931771088,0.0,3,normal
0,0,1,1.0,98.0,98.0,130.971,1.5566567074628228,1.8423709931771088,0.0,3,normal
0,0,1,1.0,98.0,98.0,130.97,1.5566567074628228,1.8423709931771088,0.0,3,normal
0,5001,6,38294.5,2059927101.0,46213.62328235834,124.861,1.5566567074628228,1.8423709931771088,0.0,3,normal
0,36240,6,16093.5,1062183.0,66.00070330983701,124.853,1.5566567074628228,1.8423709931771088,0.0,3,normal
0,5001,6,35556.0,1616534624.0,45288.68673318099,119.541,1.5566567074628228,1.8423709931771088,0.0,3,normal
0,38892,6,31218.5,2060451.0,66.00052612896124,119.54,1.5566567074628228,1.8423709931771088,0.0,3,normal
0,5001,17,297.0,449064.0,1512.0,113.068,1.5566567074628228,1.8423709931771088,0.0,3,normal
0,0,1,1.0,98.0,98.0,132.973,1.5566567074628228,1.8423709931771088,0.0,3,normal
0,0,1,1.0,98.0,98.0,132.972,1.5566567074628228,1.8423709931771088,0.0,3,normal
0,5001,6,46103.5,2636135923.0,46329.86908479158,126.863,1.5566567074628228,1.8423709931771088,0.0,3,normal
0,36240,6,10507.5,693531.0,66.00071150473656,126.855,1.5566567074628228,1.8423709931771088,0.0,3,normal
0,5001,6,42755.5,1956308955.0,45293.41619115921,121.543,1.5566567074628228,1.8423709931771088,0.0,3,normal
0,38892,6,36560.5,2413035.0,66.00053226714526,121.542,1.5566567074628228,1.8423709931771088,0.0,3,normal
0,5001,17,409.5,619164.0,1512.0,115.07,1.5566567074628228,1.8423709931771088,0.0,3,normal
0,0,1,0.5,49.0,98.0,134.977,1.5566567074628228,1.8423709931771088,0.0,3,normal
0,0,1,0.5,49.0,98.0,134.976,1.5566567074628228,1.8423709931771088,0.0,3,normal
0,5001,6,33672.5,1924473989.0,46413.0262637847,128.867,1.5566567074628228,1.8423709931771088,0.0,3,normal
0,36240,6,7680.0,507000.0,66.00074423975153,128.859,1.5566567074628228,1.8423709931771088,0.0,3,normal
0,5001,6,29175.5,1306710939.0,45289.94736613694,123.547,1.5566567074628228,1.8423709931771088,0.0,3,normal
0,38892,6,26326.0,1737540.0,66.00053494119128,123.546,1.5566567074628228,1.8423709931771088,0.0,3,normal
0,5001,17,355.0,536760.0,1512.0,117.074,1.5566567074628228,1.8423709931771088,0.0,3,normal
0,0,1,1.0,98.0,98.0,136.983,1.5566567074628228,1.8423709931771088,0.0,3,normal
0,0,1,1.0,98.0,98.0,136.982,1.5566567074628228,1.8423709931771088,0.0,3,normal
0,5001,6,34941.5,1998908947.0,46498.408986949966,130.873,1.5566567074628228,1.8423709931771088,0.0,3,normal
0,36240,6,7823.0,516390.0,66.00076311159609,130.865,1.5566567074628228,1.8423709931771088,0.0,3,normal
0,5001,6,36168.5,1787098237.0,45324.70626425656,125.553,1.5566567074628228,1.8423709931771088,0.0,3,normal
0,38892,6,24331.5,1605897.0,66.00053626698329,125.552,1.5566567074628228,1.8423709931771088,0.0,3,normal
0,5001,17,290.0,438480.0,1512.0,119.08,1.5566567074628228,1.8423709931771088,0.0,3,normal
0,0,1,1.5,147.0,98.0,139.645,1.5566567074628228,1.8423709931771088,0.0,3,normal
0,0,1,1.5,147.0,98.0,139.644,1.5566567074628228,1.8423709931771088,0.0,3,normal
0,5001,6,42083.0,2381936410.0,46593.74413797526,133.535,1.5566567074628228,1.8423709931771088,0.0,3,normal
0,36240,6,10912.5,720297.0,66.00078121268771,133.527,1.5566567074628228,1.8423709931771088,0.0,3,normal
0,5001,6,45273.5,2571811167.0,45444.67631991379,128.215,1.5566567074628228,1.8423709931771088,0.0,3,normal
0,38892,6,10575.5,698037.0,66.00054908661961,128.214,1.5566567074628228,1.8423709931771088,0.0,3,normal
0,5001,17,459.0,694008.0,1512.0,121.742,1.5566567074628228,1.8423709931771088,0.0,3,normal
0,0,1,1.0,98.0,98.0,141.688,1.5566567074628228,1.8423709931771088,0.0,3,normal
0,0,1,1.0,98.0,98.0,141.687,1.5566567074628228,1.8423709931771088,0.0,3,normal
0,5001,6,26885.5,1204294647.0,46582.95553591822,135.578,1.5566567074628228,1.8423709931771088,0.0,3,normal
0,36240,6,24758.5,1634079.0,66.00078083394251,135.57,1.5566567074628228,1.8423709931771088,0.0,3,normal
0,5001,6,28227.0,1297711634.0,45448.10322975198,130.258,1.5566567074628228,1.8423709931771088,0.0,3,normal
0,38892,6,24015.5,1585059.0,66.00055509978156,130.257,1.5566567074628228,1.8423709931771088,0.0,3,normal
0,5001,17,374.5,566244.0,1512.0,123.785,1.5566567074628228,1.8423709931771088,0.0,3,normal
0,0,1,1.0,98.0,98.0,143.709,1.5566567074628228,1.8423709931771088,0.0,3,normal
0,0,1,1.0,98.0,98.0,143.708,1.5566567074628228,1.8423709931771088,0.0,3,normal
0,5001,6,59841.0,2660254494.0,46554.950529921465,137.599,1.5566567074628228,1.8423709931771088,0.0,3,normal
0,36240,6,57188.5,3774447.0,66.00077009519232,137.591,1.5566567074628228,1.8423709931771088,0.0,3,normal
0,5001,6,60928.0,2692308344.0,45430.74571490697,132.279,1.5566567074628228,1.8423709931771088,0.0,3,normal
0,38892,6,58925.5,3889083.0,66.00054661005731,132.278,1.5566567074628228,1.8423709931771088,0.0,3,normal
0,5001,17,437.5,661500.0,1512.0,125.806,1.5566567074628228,1.8423709931771088,0.0,3,normal
0,0,1,1.0,98.0,98.0,145.72,1.5566567074628228,1.8423709931771088,0.0,3,normal
0,0,1,1.0,98.0,98.0,145.719,1.5566567074628228,1.8423709931771088,0.0,3,normal
0,5001,6,101930.5,4521600945.0,46506.80885208933,139.61,1.5566567074628228,1.8423709931771088,0.0,3,normal
0,36240,6,98148.0,6477768.0,66.00074965458286,139.602,1.5566567074628228,1.8423709931771088,0.0,3,normal
0,5001,6,101524.0,4517480844.0,45409.78159867933,134.29,1.5566567074628228,1.8423709931771088,0.0,3,normal
0,38892,6,95940.5,6332103.0,66.00054092677014,134.289,1.5566567074628228,1.8423709931771088,0.0,3,normal
0,5001,17,459.0,694008.0,1512.0,127.817,1.5566567074628228,1.8423709931771088,0.0,3,normal
0,0,1,0.5,49.0,98.0,147.725,1.5566567074628228,1.8423709931771088,0.0,3,normal
0,0,1,0.5,49.0,98.0,147.724,1.5566567074628228,1.8423709931771088,0.0,3,normal
0,5001,6,102881.5,4584349067.0,46464.6406773557,141.615,1.5566567074628228,1.8423709931771088,0.0,3,normal
0,36240,6,97803.0,6455004.0,66.00073191822118,141.607,1.5566567074628228,1.8423709931771088,0.0,3,normal
0,5001,6,105944.5,4716283493.0,45389.339818987224,136.295,1.5566567074628228,1.8423709931771088,0.0,3,normal
0,38892,6,100064.0,6604272.0,66.00053941342495,136.294,1.5566567074628228,1.8423709931771088,0.0,3,normal
0,5001,17,478.5,723492.0,1512.0,129.822,1.5566567074628228,1.8423709931771088,0.0,3,normal
0,0,1,1.0,98.0,98.0,149.729,1.5566567074628228,1.8423709931771088,0.0,3,normal
0,0,1,1.0,98.0,98.0,149.728,1.5566567074628228,1.8423709931771088,0.0,3,normal
0,5001,6,67185.5,2998944955.0,46439.15285698571,143.619,1.5566567074628228,1.8423709931771088,0.0,3,normal
0,36240,6,62413.0,4119264.0,66.00072163256927,143.611,1.5566567074628228,1.8423709931771088,0.0,3,normal
0,5001,6,63610.5,2853864489.0,45382.22836400752,138.299,1.5566567074628228,1.8423709931771088,0.0,3,normal
0,38892,6,57664.0,3805884.0,66.00054644988386,138.298,1.5566567074628228,1.8423709931771088,0.0,3,normal
0,5001,17,476.0,719712.0,1512.0,131.826,1.5566567074628228,1.8423709931771088,0.0,3,normal
0,0,1,1.0,98.0,98.0,151.729,1.5566567074628228,1.8423709931771088,0.0,3,normal
0,0,1,1.0,98.0,98.0,151.728,1.5566567074628228,1.8423709931771088,0.0,3,normal
0,5001,6,69392.5,3081401705.0,46410.27821197903,145.619,1.5566567074628228,1.8423709931771088,0.0,3,normal
0,36240,6,66555.5,4392663.0,66.00070939434056,145.611,1.5566567074628228,1.8423709931771088,0.0,3,normal
0,5001,6,48802.0,2204337368.0,45380.033813462986,140.299,1.5566567074628228,1.8423709931771088,0.0,3,normal
0,38892,6,41090.0,2711958.0,66.00054537609914,140.298,1.5566567074628228,1.8423709931771088,0.0,3,normal
0,5001,17,471.0,712152.0,1512.0,133.826,1.5566567074628228,1.8423709931771088,0.0,3,normal
0,0,1,1.0,98.0,98.0,153.764,1.5566567074628228,1.8423709931771088,0.0,3,normal
0,0,1,1.0,98.0,98.0,153.763,1.5566567074628228,1.8423709931771088,0.0,3,normal
0,5001,6,74993.0,3324258450.0,46378.80513031993,147.654,1.5566567074628228,1.8423709931771088,0.0,3,normal
0,36240,6,72310.0,4772466.0,66.00069806115391,147.646,1.5566567074628228,1.8423709931771088,0.0,3,normal
0,5001,6,80035.0,3528910226.0,45358.65594027348,142.334,1.5566567074628228,1.8423709931771088,0.0,3,normal
0,38892,6,78030.5,5150037.0,66.00054098480533,142.333,1.5566567074628228,1.8423709931771088,0.0,3,normal
0,5001,17,482.0,728784.0,1512.0,135.861,1.5566567074628228,1.8423709931771088,0.0,3,normal
0,0,1,1.5,147.0,98.0,155.767,1.5566567074628228,1.8423709931771088,0.0,3,normal
0,0,1,1.5,147.0,98.0,155.766,1.5566567074628228,1.8423709931771088,0.0,3,normal
0,5001,6,54072.5,2461935129.0,46369.65902092393,149.657,1.5566567074628228,1.8423709931771088,0.0,3,normal
0,36240,6,44586.5,2942709.0,66.00069035978137,149.649,1.5566567074628228,1.8423709931771088,0.0,3,normal
0,5001,6,52840.5,2377991657.0,45354.80289085346,144.337,1.5566567074628228,1.8423709931771088,0.0,3,normal
0,38892,6,46806.5,3089265.0,66.00054348417594,144.336,1.5566567074628228,1.8423709931771088,0.0,3,normal
0,5001,17,544.0,822528.0,1512.0,137.864,1.5566567074628228,1.8423709931771088,0.0,3,normal
0,0,1,1.0,98.0,98.0,157.992,1.5566567074628228,1.8423709931771088,0.0,3,normal
0,0,1,1.0,98.0,98.0,157.991,1.5566567074628228,1.8423709931771088,0.0,3,normal
0,5001,6,37990.5,1938239013.0,46404.603652862614,151.882,1.5566567074628228,1.8423709931771088,0.0,3,normal
0,36240,6,11377.5,750939.0,66.0006943436041,151.874,1.5566567074628228,1.8423709931771088,0.0,3,normal
0,5001,6,24715.5,1121511403.0,45354.91408244743,146.562,1.5566567074628228,1.8423709931771088,0.0,3,normal
0,38892,6,17424.5,1150029.0,66.00054407395304,146.561,1.5566567074628228,1.8423709931771088,0.0,3,normal
0,5001,17,552.5,835380.0,1512.0,140.089,1.5566567074628228,1.8423709931771088,0.0,3,normal
0,0,1,1.0,98.0,98.0,159.993,1.5566567074628228,1.8423709931771088,0.0,3,normal
0,0,1,1.0,98.0,98.0,159.992,1.5566567074628228,1.8423709931771088,0.0,3,normal
0,5001,6,36085.5,1713763363.0,46412.30983333608,153.883,1.5566567074628228,1.8423709931771088,0.0,3,normal
0,36240,6,22912.0,1512204.0,66.00069338454466,153.875,1.5566567074628228,1.8423709931771088,0.0,3,normal
0,5001,6,35043.0,1607519338.0,45358.59171778945,148.563,1.5566567074628228,1.8423709931771088,0.0,3,normal
0,38892,6,24666.0,1627962.0,66.00054235415077,148.562,1.5566567074628228,1.8423709931771088,0.0,3,normal
0,5001,17,519.5,785484.0,1512.0,142.09,1.5566567074628228,1.8423709931771088,0.0,3,normal
0,0,1,0.5,49.0,98.0,161.995,1.5566567074628228,1.8423709931771088,0.0,3,normal
0,0,1,0.5,49.0,98.0,161.994,1.5566567074628228,1.8423709931771088,0.0,3,normal
0,5001,6,31400.5,1472996221.0,46415.36061550242,155.885,1.5566567074628228,1.8423709931771088,0.0,3,normal
0,36240,6,24176.0,1595628.0,66.00069222272644,155.877,1.5566567074628228,1.8423709931771088,0.0,3,normal
0,5001,6,35597.0,1863939510.0,45408.75423067478,150.565,1.5566567074628228,1.8423709931771088,0.0,3,normal
0,38892,6,15712.5,1037139.0,66.00056671269571,150.564,1.5566567074628228,1.8423709931771088,0.0,3,normal
0,5001,17,362.0,547344.0,1512.0,144.092,1.5566567074628228,1.8423709931771088,0.0,3,normal
0,0,1,1.0,98.0,98.0,164.004,1.5566567074628228,1.8423709931771088,0.0,3,normal
0,0,1,1.0,98.0,98.0,164.003,1.5566567074628228,1.8423709931771088,0.0,3,normal
0,5001,6,16367.0,879837658.0,46438.74441419238,157.894,1.5566567074628228,1.8423709931771088,0.0,3,normal
0,36240,6,4398.0,290280.0,66.00069440476659,157.886,1.5566567074628228,1.8423709931771088,0.0,3,normal
0,5001,6,20039.5,935734723.0,45413.91767346415,152.574,1.5566567074628228,1.8423709931771088,0.0,3,normal
0,38892,6,11943.5,788283.0,66.00056791749766,152.573,1.5566567074628228,1.8423709931771088,0.0,3,normal
0,5001,17,502.0,759024.0,1512.0,146.101,1.5566567074628228,1.8423709931771088,0.0,3,normal
0,0,1,1.0,98.0,98.0,166.018,1.5566567074628228,1.8423709931771088,0.0,3,normal
0,0,1,1.0,98.0,98.0,166.017,1.5566567074628228,1.8423709931771088,0.0,3,normal
0,5001,6,33964.0,1951311344.0,46511.063224613536,159.908,1.5566567074628228,1.8423709931771088,0.0,3,normal
0,36240,6,7503.0,495264.0,66.00070918924177,159.9,1.5566567074628228,1.8423709931771088,0.0,3,normal
0,5001,6,30531.5,1397543595.0,45416.10636453349,154.588,1.5566567074628228,1.8423709931771088,0.0,3,normal
0,38892,6,26057.0,1719804.0,66.0005741446721,154.587,1.5566567074628228,1.8423709931771088,0.0,3,normal
0,5001,17,373.0,563976.0,1512.0,148.115,1.5566567074628228,1.8423709931771088,0.0,3,normal
0,0,1,0.5,49.0,98.0,168.023,1.5566567074628228,1.8423709931771088,0.0,3,normal
0,0,1,0.5,49.0,98.0,168.022,1.5566567074628228,1.8423709931771088,0.0,3,normal
0,5001,6,41401.0,2379802870.0,46598.17692661852,161.913,1.5566567074628228,1.8423709931771088,0.0,3,normal
0,36240,6,9130.5,602655.0,66.00071780993713,161.905,1.5566567074628228,1.8423709931771088,0.0,3,normal
0,5001,6,35693.0,1629420058.0,45417.76428951223,156.593,1.5566567074628228,1.8423709931771088,0.0,3,normal
0,38892,6,30747.0,2029326.0,66.00057558745382,156.592,1.5566567074628228,1.8423709931771088,0.0,3,normal
0,5001,17,300.5,454356.0,1512.0,150.12,1.5566567074628228,1.8423709931771088,0.0,3,normal
0,0,1,1.0,98.0,98.0,170.027,1.5566567074628228,1.8423709931771088,0.0,3,normal
0,0,1,1.0,98.0,98.0,170.026,1.5566567074628228,1.8423709931771088,0.0,3,normal
0,5001,6,38304.0,2203905236.0,46677.95527059769,163.917,1.5566567074628228,1.8423709931771088,0.0,3,normal
0,36240,6,8418.0,555762.0,66.00075848463875,163.909,1.5566567074628228,1.8423709931771088,0.0,3,normal
0,5001,6,35610.5,1633709485.0,45420.97726336752,158.597,1.5566567074628228,1.8423709931771088,0.0,3,normal
0,38892,6,29665.5,1957971.0,66.00058257037502,158.596,1.5566567074628228,1.8423709931771088,0.0,3,normal
0,5001,17,449.5,679644.0,1512.0,152.124,1.5566567074628228,1.8423709931771088,0.0,3,normal
0,0,1,1.0,98.0,98.0,172.029,1.5566567074628228,1.8423709931771088,0.0,3,normal
0,0,1,1.0,98.0,98.0,172.028,1.5566567074628228,1.8423709931771088,0.0,3,normal
0,5001,6,37361.0,1847995110.0,46697.62813195863,165.919,1.5566567074628228,1.8423709931771088,0.0,3,normal
0,36240,6,24394.0,1610016.0,66.00075691916565,165.911,1.5566567074628228,1.8423709931771088,0.0,3,normal
0,5001,6,37115.0,1704454138.0,45424.61431888681,160.599,1.5566567074628228,1.8423709931771088,0.0,3,normal
0,38892,6,30500.5,2013057.0,66.00058396779656,160.598,1.5566567074628228,1.8423709931771088,0.0,3,normal
0,5001,17,321.5,486108.0,1512.0,154.126,1.5566567074628228,1.8423709931771088,0.0,3,normal
0,0,1,1.0,98.0,98.0,174.047,1.5566567074628228,1.8423709931771088,0.0,3,normal
0,0,1,1.0,98.0,98.0,174.046,1.5566567074628228,1.8423709931771088,0.0,3,normal
0,5001,6,27297.5,1239318091.0,46690.96805702808,167.937,1.5566567074628228,1.8423709931771088,0.0,3,normal
0,36240,6,21107.5,1393113.0,66.00075740381996,167.929,1.5566567074628228,1.8423709931771088,0.0,3,normal
0,5001,6,29084.0,1321292848.0,45424.64599037555,162.617,1.5566567074628228,1.8423709931771088,0.0,3,normal
0,38892,6,21705.0,1432572.0,66.00059051230178,162.616,1.5566567074628228,1.8423709931771088,0.0,3,normal
0,5001,17,564.5,853524.0,1512.0,156.144,1.5566567074628228,1.8423709931771088,0.0,3,normal
0,0,1,1.0,98.0,98.0,176.202,1.5566567074628228,1.8423709931771088,0.0,3,normal
0,0,1,1.0,98.0,98.0,176.201,1.5566567074628228,1.8423709931771088,0.0,3,normal
0,5001,6,40386.5,1811626165.0,46677.14394361015,170.092,1.5566567074628228,1.8423709931771088,0.0,3,normal
0,36240,6,37665.0,2485902.0,66.0007534803063,170.084,1.5566567074628228,1.8423709931771088,0.0,3,normal
0,5001,6,40862.0,1840099712.0,45421.56034957653,164.772,1.5566567074628228,1.8423709931771088,0.0,3,normal
0,38892,6,36921.5,2436843.0,66.00059099869151,164.771,1.5566567074628228,1.8423709931771088,0.0,3,normal
0,5001,17,360.0,544320.0,1512.0,158.299,1.5566567074628228,1.8423709931771088,0.0,3,normal
0,0,1,1.0,98.0,98.0,178.204,1.5566567074628228,1.8423709931771088,0.0,3,normal
0,0,1,1.0,98.0,98.0,178.203,1.5566567074628228,1.8423709931771088,0.0,3,normal
0,5001,6,45894.5,2447695357.0,46733.68022357536,172.094,1.5566567074628228,1.8423709931771088,0.0,3,normal
0,36240,6,18989.5,1253331.0,66.0007557707278,172.086,1.5566567074628228,1.8423709931771088,0.0,3,normal
0,5001,6,38322.0,1719639832.0,45417.54965480292,166.774,1.5566567074628228,1.8423709931771088,0.0,3,normal
0,38892,6,33819.5,2232105.0,66.00059056207976,166.773,1.5566567074628228,1.8423709931771088,0.0,3,normal
0,5001,17,460.0,695520.0,1512.0,160.301,1.5566567074628228,1.8423709931771088,0.0,3,normal
0,0,1,1.0,98.0,98.0,180.209,1.5566567074628228,1.8423709931771088,0.0,3,normal
0,0,1,1.0,98.0,98.0,180.208,1.5566567074628228,1.8423709931771088,0.0,3,normal
0,5001,6,20095.0,995857942.0,46744.14354600932,174.099,1.5566567074628228,1.8423709931771088,0.0,3,normal
0,36240,6,6877.0,453894.0,66.0007573757426,174.091,1.5566567074628228,1.8423709931771088,0.0,3,normal
0,5001,6,25742.5,1196649473.0,45422.77252949127,168.779,1.5566567074628228,1.8423709931771088,0.0,3,normal
0,38892,6,11544.0,761910.0,66.00059038293807,168.778,1.5566567074628228,1.8423709931771088,0.0,3,normal
0,5001,17,619.5,936684.0,1512.0,162.306,1.5566567074628228,1.8423709931771088,0.0,3,normal
0,0,1,0.5,49.0,98.0,182.211,1.5566567074628228,1.8423709931771088,0.0,3,normal
0,0,1,0.5,49.0,98.0,182.21,1.5566567074628228,1.8423709931771088,0.0,3,normal
0,5001,6,41093.5,1864688047.0,46733.85997188838,176.101,1.5566567074628228,1.8423709931771088,0.0,3,normal
0,36240,6,35265.5,2327523.0,66.00075112589911,176.093,1.5566567074628228,1.8423709931771088,0.0,3,normal
0,5001,6,42895.5,1995998755.0,45431.737246736484,170.781,1.5566567074628228,1.8423709931771088,0.0,3,normal
0,38892,6,32694.0,2157894.0,66.0006057660046,170.78,1.5566567074628228,1.8423709931771088,0.0,3,normal
0,5001,17,338.0,511056.0,1512.0,164.308,1.5566567074628228,1.8423709931771088,0.0,3,normal
0,0,1,1.0,98.0,98.0,184.244,1.5566567074628228,1.8423709931771088,0.0,3,normal
0,0,1,1.0,98.0,98.0,184.243,1.5566567074628228,1.8423709931771088,0.0,3,normal
0,5001,6,53065.0,2396550002.0,46718.74724122716,178.134,1.5566567074628228,1.8423709931771088,0.0,3,normal
0,36240,6,48397.0,3194208.0,66.0007441031388,178.126,1.5566567074628228,1.8423709931771088,0.0,3,normal
0,5001,6,53566.5,2442578353.0,45433.40889438899,172.814,1.5566567074628228,1.8423709931771088,0.0,3,normal
0,38892,6,46249.0,3052494.0,66.00061265599948,172.813,1.5566567074628228,1.8423709931771088,0.0,3,normal
0,5001,17,413.5,625212.0,1512.0,166.341,1.5566567074628228,1.8423709931771088,0.0,3,normal
0,0,1,1.0,98.0,98.0,186.28,1.5566567074628228,1.8423709931771088,0.0,3,normal
0,0,1,1.0,98.0,98.0,186.279,1.5566567074628228,1.8423709931771088,0.0,3,normal
0,5001,6,37430.0,1692354464.0,46708.60674785975,180.17,1.5566567074628228,1.8423709931771088,0.0,3,normal
0,36240,6,32806.0,2165202.0,66.00073987536706,180.162,1.5566567074628228,1.8423709931771088,0.0,3,normal
0,5001,6,43409.5,2136137967.0,45463.74372190404,174.85,1.5566567074628228,1.8423709931771088,0.0,3,normal
0,38892,6,27161.5,1792749.0,66.00062836718017,174.849,1.5566567074628228,1.8423709931771088,0.0,3,normal
0,5001,17,387.5,585900.0,1512.0,168.377,1.5566567074628228,1.8423709931771088,0.0,3,normal
0,0,1,1.0,98.0,98.0,188.543,1.5566567074628228,1.8423709931771088,0.0,3,normal
0,0,1,1.0,98.0,98.0,188.542,1.5566567074628228,1.8423709931771088,0.0,3,normal
0,5001,6,43622.0,1965184660.0,46695.685535997705,182.433,1.5566567074628228,1.8423709931771088,0.0,3,normal
0,36240,6,40058.5,2643873.0,66.00073586196194,182.425,1.5566567074628228,1.8423709931771088,0.0,3,normal
0,5001,6,49572.0,2848800084.0,45572.88138837271,177.113,1.5566567074628228,1.8423709931771088,0.0,3,normal
0,38892,6,10946.5,722481.0,66.00062946148992,177.112,1.5566567074628228,1.8423709931771088,0.0,3,normal
0,5001,17,387.0,585144.0,1512.0,170.64,1.5566567074628228,1.8423709931771088,0.0,3,normal
0,0,1,1.0,98.0,98.0,190.553,1.5566567074628228,1.8423709931771088,0.0,3,normal
0,0,1,1.0,98.0,98.0,190.552,1.5566567074628228,1.8423709931771088,0.0,3,normal
0,5001,6,39495.0,1802690746.0,46688.314821625536,184.443,1.5566567074628228,1.8423709931771088,0.0,3,normal
0,36240,6,34722.0,2291658.0,66.00073144830377,184.435,1.5566567074628228,1.8423709931771088,0.0,3,normal
0,5001,6,38903.0,1955061730.0,45606.04967998067,179.123,1.5566567074628228,1.8423709931771088,0.0,3,normal
0,38892,6,23781.0,1569588.0,66.00063520786263,179.122,1.5566567074628228,1.8423709931771088,0.0,3,normal
0,5001,17,324.0,489888.0,1512.0,172.65,1.5566567074628228,1.8423709931771088,0.0,3,normal
0,0,1,1.0,98.0,98.0,192.555,1.5566567074628228,1.8423709931771088,0.0,3,normal
0,0,1,1.0,98.0,98.0,192.554,1.5566567074628228,1.8423709931771088,0.0,3,normal
0,5001,6,49774.5,2269657053.0,46678.780086766565,186.445,1.5566567074628228,1.8423709931771088,0.0,3,normal
0,36240,6,43786.5,2889915.0,66.00072562994951,186.437,1.5566567074628228,1.8423709931771088,0.0,3,normal
0,5001,6,45017.0,2056674062.0,45606.70471230062,181.125,1.5566567074628228,1.8423709931771088,0.0,3,normal
0,38892,6,38497.5,2540853.0,66.00063384698626,181.124,1.5566567074628228,1.8423709931771088,0.0,3,normal
0,5001,17,406.5,614628.0,1512.0,174.652,1.5566567074628228,1.8423709931771088,0.0,3,normal
0,0,1,1.0,98.0,98.0,194.557,1.5566567074628228,1.8423709931771088,0.0,3,normal
0,0,1,1.0,98.0,98.0,194.556,1.5566567074628228,1.8423709931771088,0.0,3,normal
0,5001,6,44786.0,2018984332.0,46666.29478368889,188.447,1.5566567074628228,1.8423709931771088,0.0,3,normal
0,36240,6,40682.5,2685063.0,66.00072307781261,188.439,1.5566567074628228,1.8423709931771088,0.0,3,normal
0,5001,6,36470.5,1698251025.0,45612.97646681259,183.127,1.5566567074628228,1.8423709931771088,0.0,3,normal
0,38892,6,29012.5,1914843.0,66.00063376535843,183.126,1.5566567074628228,1.8423709931771088,0.0,3,normal
0,5001,17,320.5,484596.0,1512.0,176.654,1.5566567074628228,1.8423709931771088,0.0,3,normal
0,0,1,1.0,98.0,98.0,196.564,1.5566567074628228,1.8423709931771088,0.0,3,normal
0,0,1,1.0,98.0,98.0,196.563,1.5566567074628228,1.8423709931771088,0.0,3,normal
0,5001,6,38748.0,1748874948.0,46656.010865314354,190.454,1.5566567074628228,1.8423709931771088,0.0,3,normal
0,36240,6,32143.5,2121471.0,66.00071796533376,190.446,1.5566567074628228,1.8423709931771088,0.0,3,normal
0,5001,6,40048.5,1826972189.0,45613.01938579952,185.134,1.5566567074628228,1.8423709931771088,0.0,3,normal
0,38892,6,32079.5,2117337.0,66.0006482689979,185.133,1.5566567074628228,1.8423709931771088,0.0,3,normal
0,5001,17,507.0,766584.0,1512.0,178.661,1.5566567074628228,1.8423709931771088,0.0,3,normal
0,0,1,0.5,49.0,98.0,198.565,1.5566567074628228,1.8423709931771088,0.0,3,normal
0,0,1,0.5,49.0,98.0,198.564,1.5566567074628228,1.8423709931771088,0.0,3,normal
0,5001,6,32596.5,1492541601.0,46651.138018150334,192.455,1.5566567074628228,1.8423709931771088,0.0,3,normal
0,36240,6,25602.5,1689843.0,66.0007310058242,192.447,1.5566567074628228,1.8423709931771088,0.0,3,normal
0,5001,6,36058.0,1681033556.0,45619.44874057817,187.135,1.5566567074628228,1.8423709931771088,0.0,3,normal
0,38892,6,26964.5,1779717.0,66.00065707130031,187.134,1.5566567074628228,1.8423709931771088,0.0,3,normal
0,5001,17,392.5,593460.0,1512.0,180.662,1.5566567074628228,1.8423709931771088,0.0,3,normal
0,0,1,1.0,98.0,98.0,200.988,1.5566567074628228,1.8423709931771088,0.0,3,normal
0,0,1,1.0,98.0,98.0,200.987,1.5566567074628228,1.8423709931771088,0.0,3,normal
0,5001,6,44046.0,2435032580.0,46716.159599983,194.878,1.5566567074628228,1.8423709931771088,0.0,3,normal
0,36240,6,10830.0,714804.0,66.00073451543912,194.87,1.5566567074628228,1.8423709931771088,0.0,3,normal
0,5001,6,33694.0,1559614024.0,45623.41031116508,189.558,1.5566567074628228,1.8423709931771088,0.0,3,normal
0,38892,6,23922.0,1578882.0,66.0006600132497,189.557,1.5566567074628228,1.8423709931771088,0.0,3,normal
0,5001,17,443.0,669816.0,1512.0,183.085,1.5566567074628228,1.8423709931771088,0.0,3,normal
0,0,1,1.0,98.0,98.0,202.989,1.5566567074628228,1.8423709931771088,0.0,3,normal
0,0,1,1.0,98.0,98.0,202.988,1.5566567074628228,1.8423709931771088,0.0,3,normal
0,5001,6,50062.0,2348164524.0,46717.76358113763,196.879,1.5566567074628228,1.8423709931771088,0.0,3,normal
0,36240,6,40719.0,2687454.0,66.00072804635272,196.871,1.5566567074628228,1.8423709931771088,0.0,3,normal
0,5001,6,43113.0,2124773006.0,45650.97174327796,191.559,1.5566567074628228,1.8423709931771088,0.0,3,normal
0,38892,6,28714.5,1895187.0,66.00066227572808,191.558,1.5566567074628228,1.8423709931771088,0.0,3,normal
0,5001,17,344.5,520884.0,1512.0,185.086,1.5566567074628228,1.8423709931771088,0.0,3,normal
0,0,1,1.5,147.0,98.0,204.991,1.5566567074628228,1.8423709931771088,0.0,3,normal
0,0,1,1.5,147.0,98.0,204.99,1.5566567074628228,1.8423709931771088,0.0,3,normal
0,5001,6,54802.0,2495198504.0,46706.83942798879,198.881,1.5566567074628228,1.8423709931771088,0.0,3,normal
0,36240,6,44797.5,2956665.0,66.00072748624476,198.873,1.5566567074628228,1.8423709931771088,0.0,3,normal
0,5001,6,50196.5,2280132845.0,45649.000450226275,193.561,1.5566567074628228,1.8423709931771088,0.0,3,normal
0,38892,6,38005.5,2508375.0,66.0006595995097,193.56,1.5566567074628228,1.8423709931771088,0.0,3,normal
0,5001,17,531.0,802872.0,1512.0,187.088,1.5566567074628228,1.8423709931771088,0.0,3,normal
0,0,1,1.0,98.0,98.0,206.999,1.5566567074628228,1.8423709931771088,0.0,3,normal
0,0,1,1.0,98.0,98.0,206.998,1.5566567074628228,1.8423709931771088,0.0,3,normal
0,5001,6,49284.5,2357580533.0,46716.11255448184,200.889,1.5566567074628228,1.8423709931771088,0.0,3,normal
0,36240,6,33209.5,2191845.0,66.0007261760958,200.881,1.5566567074628228,1.8423709931771088,0.0,3,normal
0,5001,6,53215.0,2435325430.0,45650.0492856695,195.569,1.5566567074628228,1.8423709931771088,0.0,3,normal
0,38892,6,40127.5,2648433.0,66.00065789268146,195.568,1.5566567074628228,1.8423709931771088,0.0,3,normal
0,5001,17,506.5,765828.0,1512.0,189.096,1.5566567074628228,1.8423709931771088,0.0,3,normal
0,0,1,1.0,98.0,98.0,209.006,1.5566567074628228,1.8423709931771088,0.0,3,normal
0,0,1,1.0,98.0,98.0,209.005,1.5566567074628228,1.8423709931771088,0.0,3,normal
0,5001,6,49054.5,2230402249.0,46705.993112605414,202.896,1.5566567074628228,1.8423709931771088,0.0,3,normal
0,36240,6,43317.5,2858967.0,66.00072207545477,202.888,1.5566567074628228,1.8423709931771088,0.0,3,normal
0,5001,6,48199.0,2183369814.0,45647.17098644919,197.576,1.5566567074628228,1.8423709931771088,0.0,3,normal
0,38892,6,41474.0,2737314.0,66.00065843529269,197.575,1.5566567074628228,1.8423709931771088,0.0,3,normal
0,5001,17,433.5,655452.0,1512.0,191.103,1.5566567074628228,1.8423709931771088,0.0,3,normal
0,0,1,0.5,49.0,98.0,211.007,1.5566567074628228,1.8423709931771088,0.0,3,normal
0,0,1,0.5,49.0,98.0,211.007,1.5566567074628228,1.8423709931771088,0.0,3,normal
0,5001,6,42304.0,1876335204.0,46689.66137557802,204.898,1.5566567074628228,1.8423709931771088,0.0,3,normal
0,36240,6,40362.5,2663925.0,66.00071598461783,204.89,1.5566567074628228,1.8423709931771088,0.0,3,normal
0,5001,6,45468.0,2076743444.0,45647.383362262175,199.578,1.5566567074628228,1.8423709931771088,0.0,3,normal
0,38892,6,39228.5,2589135.0,66.0006640224768,199.577,1.5566567074628228,1.8423709931771088,0.0,3,normal
0,5001,17,357.5,540540.0,1512.0,193.105,1.5566567074628228,1.8423709931771088,0.0,3,normal
0,0,1,1.0,98.0,98.0,213.012,1.5566567074628228,1.8423709931771088,0.0,3,normal
0,0,1,1.0,98.0,98.0,213.011,1.5566567074628228,1.8423709931771088,0.0,3,normal
0,5001,6,36252.0,1853980892.0,46715.990501680324,206.902,1.5566567074628228,1.8423709931771088,0.0,3,normal
0,36240,6,19866.0,1311156.0,66.00071302434918,206.894,1.5566567074628228,1.8423709931771088,0.0,3,normal
0,5001,6,42086.5,2162377265.0,45687.82603886401,201.582,1.5566567074628228,1.8423709931771088,0.0,3,normal
0,38892,6,22876.5,1509927.0,66.00067642347308,201.581,1.5566567074628228,1.8423709931771088,0.0,3,normal
0,5001,17,384.0,580608.0,1512.0,195.109,1.5566567074628228,1.8423709931771088,0.0,3,normal
0,0,1,1.0,98.0,98.0,215.39,1.5566567074628228,1.8423709931771088,0.0,3,normal
0,0,1,1.0,98.0,98.0,215.389,1.5566567074628228,1.8423709931771088,0.0,3,normal
0,5001,6,47636.0,2127888000.0,46700.21082969572,209.28,1.5566567074628228,1.8423709931771088,0.0,3,normal
0,36240,6,44306.5,2924253.0,66.0007114588071,209.272,1.5566567074628228,1.8423709931771088,0.0,3,normal
0,5001,6,54387.5,2634164703.0,45712.632421608316,203.96,1.5566567074628228,1.8423709931771088,0.0,3,normal
0,38892,6,38542.5,2543883.0,66.00068659880233,203.959,1.5566567074628228,1.8423709931771088,0.0,3,normal
0,5001,17,408.5,617652.0,1512.0,197.487,1.5566567074628228,1.8423709931771088,0.0,3,normal
0,0,1,1.0,98.0,98.0,217.401,1.5566567074628228,1.8423709931771088,0.0,3,normal
0,0,1,1.0,98.0,98.0,217.4,1.5566567074628228,1.8423709931771088,0.0,3,normal
0,5001,6,37429.0,2029176746.0,46745.46412648577,211.291,1.5566567074628228,1.8423709931771088,0.0,3,normal
0,36240,6,14112.5,931533.0,66.00073160139691,211.283,1.5566567074628228,1.8423709931771088,0.0,3,normal
0,5001,6,29862.0,1343605300.0,45709.08396553099,205.971,1.5566567074628228,1.8423709931771088,0.0,3,normal
0,38892,6,27015.5,1783029.0,66.00068415284676,205.97,1.5566567074628228,1.8423709931771088,0.0,3,normal
0,5001,17,328.0,495936.0,1512.0,199.498,1.5566567074628228,1.8423709931771088,0.0,3,normal
0,0,1,1.0,98.0,98.0,219.588,1.5566567074628228,1.8423709931771088,0.0,3,normal
0,0,1,1.0,98.0,98.0,219.587,1.5566567074628228,1.8423709931771088,0.0,3,normal
0,5001,6,52538.0,2355163572.0,46729.388461873845,213.478,1.5566567074628228,1.8423709931771088,0.0,3,normal
0,36240,6,48371.0,3192510.0,66.00072928278031,213.47,1.5566567074628228,1.8423709931771088,0.0,3,normal
0,5001,6,51309.0,2332572126.0,45706.99967092923,208.158,1.5566567074628228,1.8423709931771088,0.0,3,normal
0,38892,6,44731.5,2952309.0,66.00068403629334,208.157,1.5566567074628228,1.8423709931771088,0.0,3,normal
0,5001,17,485.0,733320.0,1512.0,201.685,1.5566567074628228,1.8423709931771088,0.0,3,normal
0,0,1,1.0,98.0,98.0,221.693,1.5566567074628228,1.8423709931771088,0.0,3,normal
0,0,1,1.0,98.0,98.0,221.692,1.5566567074628228,1.8423709931771088,0.0,3,normal
0,5001,6,42162.0,1923744884.0,46722.024881701844,215.583,1.5566567074628228,1.8423709931771088,0.0,3,normal
0,36240,6,34666.0,2288010.0,66.00073508882626,215.575,1.5566567074628228,1.8423709931771088,0.0,3,normal
0,5001,6,46478.0,2140755184.0,45709.665244588425,210.263,1.5566567074628228,1.8423709931771088,0.0,3,normal
0,38892,6,34446.0,2273454.0,66.00068296859074,210.262,1.5566567074628228,1.8423709931771088,0.0,3,normal
0,5001,17,493.5,746172.0,1512.0,203.79,1.5566567074628228,1.8423709931771088,0.0,3,normal
0,0,1,1.0,98.0,98.0,223.726,1.5566567074628228,1.8423709931771088,0.0,3,normal
0,0,1,1.0,98.0,98.0,223.725,1.5566567074628228,1.8423709931771088,0.0,3,normal
0,5001,6,38243.5,1748324399.0,46715.96129162762,217.616,1.5566567074628228,1.8423709931771088,0.0,3,normal
0,36240,6,32896.0,2171190.0,66.000741077398,217.608,1.5566567074628228,1.8423709931771088,0.0,3,normal
0,5001,6,33246.5,1535510945.0,45712.225755132975,212.296,1.5566567074628228,1.8423709931771088,0.0,3,normal
0,38892,6,27284.0,1800792.0,66.0006885760911,212.295,1.5566567074628228,1.8423709931771088,0.0,3,normal
0,5001,17,341.5,516348.0,1512.0,205.823,1.5566567074628228,1.8423709931771088,0.0,3,normal
0,0,1,1.0,98.0,98.0,225.732,1.5566567074628228,1.8423709931771088,0.0,3,normal
0,0,1,1.0,98.0,98.0,225.731,1.5566567074628228,1.8423709931771088,0.0,3,normal
0,5001,6,37974.5,1840132309.0,46726.315385876034,219.622,1.5566567074628228,1.8423709931771088,0.0,3,normal
0,36240,6,17858.5,1178733.0,66.0007528373232,219.614,1.5566567074628228,1.8423709931771088,0.0,3,normal
0,5001,6,36282.0,1671433308.0,45714.301247096846,214.302,1.5566567074628228,1.8423709931771088,0.0,3,normal
0,38892,6,22593.5,1491177.0,66.00068675892851,214.301,1.5566567074628228,1.8423709931771088,0.0,3,normal
0,5001,17,569.0,860328.0,1512.0,207.829,1.5566567074628228,1.8423709931771088,0.0,3,normal
0,0,1,1.0,98.0,98.0,227.987,1.5566567074628228,1.8423709931771088,0.0,3,normal
0,0,1,1.0,98.0,98.0,227.986,1.5566567074628228,1.8423709931771088,0.0,3,normal
0,5001,6,64409.5,3698303887.0,46833.088247245774,221.877,1.5566567074628228,1.8423709931771088,0.0,3,normal
0,36240,6,14266.0,941598.0,66.00075907515352,221.869,1.5566567074628228,1.8423709931771088,0.0,3,normal
0,5001,6,51198.5,2283176633.0,45705.15485073392,216.557,1.5566567074628228,1.8423709931771088,0.0,3,normal
0,38892,6,48022.0,3169494.0,66.00068845849452,216.556,1.5566567074628228,1.8423709931771088,0.0,3,normal
0,5001,17,415.0,627480.0,1512.0,210.084,1.5566567074628228,1.8423709931771088,0.0,3,normal
0,0,1,1.0,98.0,98.0,229.992,1.5566567074628228,1.8423709931771088,0.0,3,normal
0,0,1,1.0,98.0,98.0,229.991,1.5566567074628228,1.8423709931771088,0.0,3,normal
0,5001,6,43784.0,1978403636.0,46821.97973693933,223.882,1.5566567074628228,1.8423709931771088,0.0,3,normal
0,36240,6,39266.0,2591562.0,66.0007543617105,223.874,1.5566567074628228,1.8423709931771088,0.0,3,normal
0,5001,6,41997.0,1907650338.0,45703.28011422389,218.562,1.5566567074628228,1.8423709931771088,0.0,3,normal
0,38892,6,36547.0,2412114.0,66.00068599574125,218.561,1.5566567074628228,1.8423709931771088,0.0,3,normal
0,5001,17,344.0,520128.0,1512.0,212.089,1.5566567074628228,1.8423709931771088,0.0,3,normal
0,0,1,0.5,49.0,98.0,231.999,1.5566567074628228,1.8423709931771088,0.0,3,normal
0,0,1,0.5,49.0,98.0,231.998,1.5566567074628228,1.8423709931771088,0.0,3,normal
0,5001,6,48383.5,2168609795.0,46807.1832008964,225.889,1.5566567074628228,1.8423709931771088,0.0,3,normal
0,36240,6,44445.5,2933415.0,66.00075013645535,225.881,1.5566567074628228,1.8423709931771088,0.0,3,normal
0,5001,6,51798.5,2608347849.0,45741.16206650243,220.569,1.5566567074628228,1.8423709931771088,0.0,3,normal
0,38892,6,31568.0,2083530.0,66.00068978032226,220.568,1.5566567074628228,1.8423709931771088,0.0,3,normal
0,5001,17,378.5,572292.0,1512.0,214.096,1.5566567074628228,1.8423709931771088,0.0,3,normal
0,0,1,1.0,98.0,98.0,234.002,1.5566567074628228,1.8423709931771088,0.0,3,normal
0,0,1,1.0,98.0,98.0,234.001,1.5566567074628228,1.8423709931771088,0.0,3,normal
0,5001,6,40794.5,2348781965.0,46873.917010040306,227.892,1.5566567074628228,1.8423709931771088,0.0,3,normal
0,36240,6,8927.5,589305.0,66.00076645760517,227.884,1.5566567074628228,1.8423709931771088,0.0,3,normal
0,5001,6,43912.5,2388972313.0,45800.54353821515,222.572,1.5566567074628228,1.8423709931771088,0.0,3,normal
0,38892,6,15646.0,1032684.0,66.00069668179329,222.571,1.5566567074628228,1.8423709931771088,0.0,3,normal
0,5001,17,338.0,511056.0,1512.0,216.099,1.5566567074628228,1.8423709931771088,0.0,3,normal
0,0,1,1.0,98.0,98.0,236.005,1.5566567074628228,1.8423709931771088,0.0,3,normal
0,0,1,1.0,98.0,98.0,236.004,1.5566567074628228,1.8423709931771088,0.0,3,normal
0,5001,6,40974.5,1856471945.0,46864.23042284731,229.895,1.5566567074628228,1.8423709931771088,0.0,3,normal
0,36240,6,36751.0,2425572.0,66.00076214537894,229.887,1.5566567074628228,1.8423709931771088,0.0,3,normal
0,5001,6,38906.5,2224748241.0,45869.25655029203,224.575,1.5566567074628228,1.8423709931771088,0.0,3,normal
0,38892,6,8866.5,585237.0,66.00070442657288,224.574,1.5566567074628228,1.8423709931771088,0.0,3,normal
0,5001,17,387.0,585144.0,1512.0,218.102,1.5566567074628228,1.8423709931771088,0.0,3,normal
0,0,1,1.0,98.0,98.0,238.012,1.5566567074628228,1.8423709931771088,0.0,3,normal
0,0,1,1.0,98.0,98.0,238.011,1.5566567074628228,1.8423709931771088,0.0,3,normal
0,5001,6,32549.5,1464816343.0,46855.12788768974,231.902,1.5566567074628228,1.8423709931771088,0.0,3,normal
0,36240,6,29267.0,1931646.0,66.00076247309366,231.894,1.5566567074628228,1.8423709931771088,0.0,3,normal
0,5001,6,46287.5,2650979639.0,45950.574906382186,226.582,1.5566567074628228,1.8423709931771088,0.0,3,normal
0,38892,6,10381.5,685179.0,66.00070307494559,226.581,1.5566567074628228,1.8423709931771088,0.0,3,normal
0,5001,17,330.5,499716.0,1512.0,220.109,1.5566567074628228,1.8423709931771088,0.0,3,normal
0,0,1,1.0,98.0,98.0,240.018,1.5566567074628228,1.8423709931771088,0.0,3,normal
0,0,1,1.0,98.0,98.0,240.017,1.5566567074628228,1.8423709931771088,0.0,3,normal
0,5001,6,30300.0,1389070192.0,46850.54569091383,233.908,1.5566567074628228,1.8423709931771088,0.0,3,normal
0,36240,6,19693.0,1299750.0,66.00076189206278,233.9,1.5566567074628228,1.8423709931771088,0.0,3,normal
0,5001,6,25975.0,1210206990.0,45953.12851154518,228.588,1.5566567074628228,1.8423709931771088,0.0,3,normal
0,38892,6,16479.0,1087632.0,66.00070425681973,228.587,1.5566567074628228,1.8423709931771088,0.0,3,normal
0,5001,17,515.5,779436.0,1512.0,222.115,1.5566567074628228,1.8423709931771088,0.0,3,normal
0,0,1,1.0,98.0,98.0,242.025,1.5566567074628228,1.8423709931771088,0.0,3,normal
0,0,1,1.0,98.0,98.0,242.024,1.5566567074628228,1.8423709931771088,0.0,3,normal
0,5001,6,35116.5,1606804213.0,46844.82960717017,235.915,1.5566567074628228,1.8423709931771088,0.0,3,normal
0,36240,6,26379.0,1741026.0,66.0007603395685,235.907,1.5566567074628228,1.8423709931771088,0.0,3,normal
0,5001,6,40529.0,2041096210.0,45980.37550358408,230.595,1.5566567074628228,1.8423709931771088,0.0,3,normal
0,38892,6,16587.5,1094865.0,66.00071864405534,230.594,1.5566567074628228,1.8423709931771088,0.0,3,normal
0,5001,17,513.5,776412.0,1512.0,224.122,1.5566567074628228,1.8423709931771088,0.0,3,normal
0,0,1,1.0,98.0,98.0,244.222,1.5566567074628228,1.8423709931771088,0.0,3,normal
0,0,1,1.0,98.0,98.0,244.221,1.5566567074628228,1.8423709931771088,0.0,3,normal
0,5001,6,42696.0,2367193888.0,46899.0984422364,238.112,1.5566567074628228,1.8423709931771088,0.0,3,normal
0,36240,6,13634.5,899943.0,66.00077097744145,238.104,1.5566567074628228,1.8423709931771088,0.0,3,normal
0,5001,6,44613.5,2015147799.0,45974.892448289356,232.792,1.5566567074628228,1.8423709931771088,0.0,3,normal
0,38892,6,40023.0,2641548.0,66.00071886976603,232.791,1.5566567074628228,1.8423709931771088,0.0,3,normal
0,5001,17,377.0,570024.0,1512.0,226.319,1.5566567074628228,1.8423709931771088,0.0,3,normal
0,0,1,1.0,98.0,98.0,246.224,1.5566567074628228,1.8423709931771088,0.0,3,normal
0,0,1,1.0,98.0,98.0,246.223,1.5566567074628228,1.8423709931771088,0.0,3,normal
0,5001,6,31762.0,1703189616.0,46930.52413794524,240.114,1.5566567074628228,1.8423709931771088,0.0,3,normal
0,36240,6,8396.5,554205.0,66.00077661428816,240.106,1.5566567074628228,1.8423709931771088,0.0,3,normal
0,5001,6,34335.5,1599252927.0,45978.009052343696,234.794,1.5566567074628228,1.8423709931771088,0.0,3,normal
0,38892,6,24494.0,1616700.0,66.00073310189245,234.793,1.5566567074628228,1.8423709931771088,0.0,3,normal
0,5001,17,500.0,756000.0,1512.0,228.321,1.5566567074628228,1.8423709931771088,0.0,3,normal
0,0,1,1.0,98.0,98.0,248.232,1.5566567074628228,1.8423709931771088,0.0,3,normal
0,0,1,1.0,98.0,98.0,248.231,1.5566567074628228,1.8423709931771088,0.0,3,normal
0,5001,6,42344.0,1886726616.0,46915.828451940666,242.122,1.5566567074628228,1.8423709931771088,0.0,3,normal
0,36240,6,38108.0,2515134.0,66.00077214230352,242.114,1.5566567074628228,1.8423709931771088,0.0,3,normal
0,5001,6,39583.0,1772283418.0,45970.86906115348,236.802,1.5566567074628228,1.8423709931771088,0.0,3,normal
0,38892,6,34857.0,2300586.0,66.000732821585,236.801,1.5566567074628228,1.8423709931771088,0.0,3,normal
0,5001,17,451.0,681912.0,1512.0,230.329,1.5566567074628228,1.8423709931771088,0.0,3,normal
0,0,1,1.0,98.0,98.0,250.242,1.5566567074628228,1.8423709931771088,0.0,3,normal
0,0,1,1.0,98.0,98.0,250.241,1.5566567074628228,1.8423709931771088,0.0,3,normal
0,5001,6,35885.5,1845409559.0,46939.366077671795,244.132,1.5566567074628228,1.8423709931771088,0.0,3,normal
0,36240,6,15825.0,1044516.0,66.00078230486855,244.124,1.5566567074628228,1.8423709931771088,0.0,3,normal
0,5001,6,33131.0,1518692402.0,45970.217905908605,238.812,1.5566567074628228,1.8423709931771088,0.0,3,normal
0,38892,6,24435.5,1612785.0,66.00073714912784,238.811,1.5566567074628228,1.8423709931771088,0.0,3,normal
0,5001,17,457.5,691740.0,1512.0,232.339,1.5566567074628228,1.8423709931771088,0.0,3,normal
0,0,1,1.0,98.0,98.0,252.513,1.5566567074628228,1.8423709931771088,0.0,3,normal
0,0,1,1.0,98.0,98.0,252.512,1.5566567074628228,1.8423709931771088,0.0,3,normal
0,5001,6,22641.5,1066914411.0,46939.96584761617,246.403,1.5566567074628228,1.8423709931771088,0.0,3,normal
0,36240,6,7475.5,493425.0,66.00078912658293,246.395,1.5566567074628228,1.8423709931771088,0.0,3,normal
0,5001,6,19482.0,912235900.0,45972.69166527639,241.083,1.5566567074628228,1.8423709931771088,0.0,3,normal
0,38892,6,6349.5,419073.0,66.00073738585769,241.082,1.5566567074628228,1.8423709931771088,0.0,3,normal
0,5001,17,609.5,921564.0,1512.0,234.61,1.5566567074628228,1.8423709931771088,0.0,3,normal
0,0,1,0.5,49.0,98.0,254.552,1.5566567074628228,1.8423709931771088,0.0,3,normal
0,0,1,0.5,49.0,98.0,254.551,1.5566567074628228,1.8423709931771088,0.0,3,normal
0,5001,6,48752.5,2444931133.0,46962.49546767076,248.442,1.5566567074628228,1.8423709931771088,0.0,3,normal
0,36240,6,29940.0,1976070.0,66.00079032248985,248.434,1.5566567074628228,1.8423709931771088,0.0,3,normal
0,5001,6,38657.0,1749612358.0,45968.61980313213,243.122,1.5566567074628228,1.8423709931771088,0.0,3,normal
0,38892,6,34301.0,2263890.0,66.00073715528318,243.121,1.5566567074628228,1.8423709931771088,0.0,3,normal
0,5001,17,321.5,486108.0,1512.0,236.649,1.5566567074628228,1.8423709931771088,0.0,3,normal
0,0,1,1.5,147.0,98.0,256.587,1.5566567074628228,1.8423709931771088,0.0,3,normal
0,0,1,1.5,147.0,98.0,256.586,1.5566567074628228,1.8423709931771088,0.0,3,normal
0,5001,6,49929.5,2232761431.0,46946.47862606708,250.477,1.5566567074628228,1.8423709931771088,0.0,3,normal
0,36240,6,46485.0,3068028.0,66.00078683694339,250.469,1.5566567074628228,1.8423709931771088,0.0,3,normal
0,5001,6,50340.5,2258812885.0,45960.51238465866,245.157,1.5566567074628228,1.8423709931771088,0.0,3,normal
0,38892,6,46156.0,3046326.0,66.00073644357532,245.156,1.5566567074628228,1.8423709931771088,0.0,3,normal
0,5001,17,479.5,725004.0,1512.0,238.684,1.5566567074628228,1.8423709931771088,0.0,3,normal
0,0,1,0.5,49.0,98.0,258.723,1.5566567074628228,1.8423709931771088,0.0,3,normal
0,0,1,0.5,49.0,98.0,258.722,1.5566567074628228,1.8423709931771088,0.0,3,normal
0,5001,6,54243.5,2443194647.0,46931.81985713799,252.613,1.5566567074628228,1.8423709931771088,0.0,3,normal
0,36240,6,48208.5,3181767.0,66.00078094991052,252.605,1.5566567074628228,1.8423709931771088,0.0,3,normal
0,5001,6,52677.5,2398754443.0,45957.26192832036,247.293,1.5566567074628228,1.8423709931771088,0.0,3,normal
0,38892,6,44875.5,2961807.0,66.00073485590165,247.292,1.5566567074628228,1.8423709931771088,0.0,3,normal
0,5001,17,398.5,602532.0,1512.0,240.82,1.5566567074628228,1.8423709931771088,0.0,3,normal
0,0,1,1.0,98.0,98.0,260.724,1.5566567074628228,1.8423709931771088,0.0,3,normal
0,0,1,1.0,98.0,98.0,260.723,1.5566567074628228,1.8423709931771088,0.0,3,normal
0,5001,6,31254.5,1407085653.0,46923.38299601019,254.614,1.5566567074628228,1.8423709931771088,0.0,3,normal
0,36240,6,25924.0,1710996.0,66.00077943702739,254.606,1.5566567074628228,1.8423709931771088,0.0,3,normal
0,5001,6,31217.5,1429532899.0,45956.517426635524,249.294,1.5566567074628228,1.8423709931771088,0.0,3,normal
0,38892,6,23590.5,1556979.0,66.00073287507381,249.293,1.5566567074628228,1.8423709931771088,0.0,3,normal
0,5001,17,420.5,635796.0,1512.0,242.821,1.5566567074628228,1.8423709931771088,0.0,3,normal
0,0,1,1.0,98.0,98.0,262.727,1.5566567074628228,1.8423709931771088,0.0,3,normal
0,0,1,1.0,98.0,98.0,262.726,1.5566567074628228,1.8423709931771088,0.0,3,normal
0,5001,6,40324.0,1816634348.0,46912.78106953801,256.617,1.5566567074628228,1.8423709931771088,0.0,3,normal
0,36240,6,34593.5,2283195.0,66.0007788967125,256.609,1.5566567074628228,1.8423709931771088,0.0,3,normal
0,5001,6,39946.5,1820878457.0,45954.367399635776,251.297,1.5566567074628228,1.8423709931771088,0.0,3,normal
0,38892,6,31739.0,2094810.0,66.00073508890405,251.296,1.5566567074628228,1.8423709931771088,0.0,3,normal
0,5001,17,460.5,696276.0,1512.0,244.825,1.5566567074628228,1.8423709931771088,0.0,3,normal
0,0,1,1.0,98.0,98.0,264.729,1.5566567074628228,1.8423709931771088,0.0,3,normal
0,0,1,1.0,98.0,98.0,264.728,1.5566567074628228,1.8423709931771088,0.0,3,normal
0,5001,6,47195.5,2104724451.0,46897.5280754433,258.619,1.5566567074628228,1.8423709931771088,0.0,3,normal
0,36240,6,44286.5,2922915.0,66.00077374301803,258.611,1.5566567074628228,1.8423709931771088,0.0,3,normal
0,5001,6,49582.5,2246647373.0,45949.806325814236,253.299,1.5566567074628228,1.8423709931771088,0.0,3,normal
0,38892,6,41040.5,2708697.0,66.00073402454841,253.298,1.5566567074628228,1.8423709931771088,0.0,3,normal
0,5001,17,465.5,703836.0,1512.0,246.826,1.5566567074628228,1.8423709931771088,0.0,3,normal
0,0,1,1.0,98.0,98.0,266.744,1.5566567074628228,1.8423709931771088,0.0,3,normal
0,0,1,1.0,98.0,98.0,266.743,1.5566567074628228,1.8423709931771088,0.0,3,normal
0,5001,6,47037.0,2179228290.0,46893.82923323833,260.634,1.5566567074628228,1.8423709931771088,0.0,3,normal
0,36240,6,35125.0,2318262.0,66.00077101521946,260.626,1.5566567074628228,1.8423709931771088,0.0,3,normal
0,5001,6,54217.0,2502781370.0,45951.441652166824,255.314,1.5566567074628228,1.8423709931771088,0.0,3,normal
0,38892,6,43011.5,2838849.0,66.00074403207148,255.313,1.5566567074628228,1.8423709931771088,0.0,3,normal
0,5001,17,461.0,697032.0,1512.0,248.841,1.5566567074628228,1.8423709931771088,0.0,3,normal
0,0,1,1.0,98.0,98.0,268.753,1.5566567074628228,1.8423709931771088,0.0,3,normal
0,0,1,1.0,98.0,98.0,268.752,1.5566567074628228,1.8423709931771088,0.0,3,normal
0,5001,6,57102.0,2576712692.0,46879.93981608599,262.643,1.5566567074628228,1.8423709931771088,0.0,3,normal
0,36240,6,51056.5,3369735.0,66.00076507319753,262.635,1.5566567074628228,1.8423709931771088,0.0,3,normal
0,5001,6,55502.5,2517375925.0,45946.787840305245,257.323,1.5566567074628228,1.8423709931771088,0.0,3,normal
0,38892,6,48473.5,3199299.0,66.00074605930101,257.322,1.5566567074628228,1.8423709931771088,0.0,3,normal
0,5001,17,441.5,667548.0,1512.0,250.85,1.5566567074628228,1.8423709931771088,0.0,3,normal
0,0,1,1.0,98.0,98.0,270.758,1.5566567074628228,1.8423709931771088,0.0,3,normal
0,0,1,1.0,98.0,98.0,270.757,1.5566567074628228,1.8423709931771088,0.0,3,normal
0,5001,6,59381.5,2620247371.0,46857.634355453556,264.648,1.5566567074628228,1.8423709931771088,0.0,3,normal
0,36240,6,57750.5,3811533.0,66.00075728470071,264.64,1.5566567074628228,1.8423709931771088,0.0,3,normal
0,5001,6,56209.5,2494428135.0,45934.461090979006,259.328,1.5566567074628228,1.8423709931771088,0.0,3,normal
0,38892,6,53593.0,3537144.0,66.00074033866875,259.327,1.5566567074628228,1.8423709931771088,0.0,3,normal
0,5001,17,437.5,661500.0,1512.0,252.855,1.5566567074628228,1.8423709931771088,0.0,3,normal
0,0,1,1.0,98.0,98.0,272.842,1.5566567074628228,1.8423709931771088,0.0,3,normal
0,0,1,1.0,98.0,98.0,272.841,1.5566567074628228,1.8423709931771088,0.0,3,normal
0,5001,6,39595.0,1977312002.0,46874.18117458381,266.732,1.5566567074628228,1.8423709931771088,0.0,3,normal
0,36240,6,21252.0,1402662.0,66.00075972688819,266.724,1.5566567074628228,1.8423709931771088,0.0,3,normal
0,5001,6,33758.0,1557369640.0,45935.394853342856,261.412,1.5566567074628228,1.8423709931771088,0.0,3,normal
0,38892,6,24654.0,1627194.0,66.00074230804661,261.411,1.5566567074628228,1.8423709931771088,0.0,3,normal
0,5001,17,333.0,503496.0,1512.0,254.939,1.5566567074628228,1.8423709931771088,0.0,3,normal
0,0,1,1.0,98.0,98.0,274.844,1.5566567074628228,1.8423709931771088,0.0,3,normal
0,0,1,1.0,98.0,98.0,274.843,1.5566567074628228,1.8423709931771088,0.0,3,normal
0,5001,6,39791.5,1797625039.0,46865.06482397558,268.734,1.5566567074628228,1.8423709931771088,0.0,3,normal
0,36240,6,35236.5,2325633.0,66.00075924339563,268.726,1.5566567074628228,1.8423709931771088,0.0,3,normal
0,5001,6,45300.5,2603796925.0,46007.66184461121,263.414,1.5566567074628228,1.8423709931771088,0.0,3,normal
0,38892,6,9978.0,658770.0,66.00077822229426,263.413,1.5566567074628228,1.8423709931771088,0.0,3,normal
0,5001,17,436.5,659988.0,1512.0,256.941,1.5566567074628228,1.8423709931771088,0.0,3,normal
0,0,1,1.0,98.0,98.0,276.847,1.5566567074628228,1.8423709931771088,0.0,3,normal
0,0,1,1.0,98.0,98.0,276.846,1.5566567074628228,1.8423709931771088,0.0,3,normal
0,5001,6,34460.5,1781266097.0,46887.39436980896,270.737,1.5566567074628228,1.8423709931771088,0.0,3,normal
0,36240,6,17476.0,1153446.0,66.00076215480304,270.729,1.5566567074628228,1.8423709931771088,0.0,3,normal
0,5001,6,34916.0,2004672820.0,46062.43995231475,265.417,1.5566567074628228,1.8423709931771088,0.0,3,normal
0,38892,6,7724.5,510021.0,66.00081131481639,265.416,1.5566567074628228,1.8423709931771088,0.0,3,normal
0,5001,17,463.5,700812.0,1512.0,258.944,1.5566567074628228,1.8423709931771088,0.0,3,normal
0,0,1,0.5,49.0,98.0,278.848,1.5566567074628228,1.8423709931771088,0.0,3,normal
0,0,1,0.5,49.0,98.0,278.847,1.5566567074628228,1.8423709931771088,0.0,3,normal
0,5001,6,26897.0,1537475758.0,46924.372580896925,272.738,1.5566567074628228,1.8423709931771088,0.0,3,normal
0,36240,6,6132.5,404793.0,66.0007696858498,272.73,1.5566567074628228,1.8423709931771088,0.0,3,normal
0,5001,6,25034.5,1435709945.0,46101.1699740132,267.418,1.5566567074628228,1.8423709931771088,0.0,3,normal
0,38892,6,5563.0,367350.0,66.0008426228917,267.417,1.5566567074628228,1.8423709931771088,0.0,3,normal
0,5001,17,298.0,450576.0,1512.0,260.945,1.5566567074628228,1.8423709931771088,0.0,3,normal
0,0,1,1.0,98.0,98.0,280.857,1.5566567074628228,1.8423709931771088,0.0,3,normal
0,0,1,1.0,98.0,98.0,280.856,1.5566567074628228,1.8423709931771088,0.0,3,normal
0,5001,6,35491.5,1829644879.0,46946.244373386035,274.747,1.5566567074628228,1.8423709931771088,0.0,3,normal
0,36240,6,16052.0,1059498.0,66.00077898461072,274.739,1.5566567074628228,1.8423709931771088,0.0,3,normal
0,5001,6,33468.0,1707069804.0,46123.56780721222,269.427,1.5566567074628228,1.8423709931771088,0.0,3,normal
0,38892,6,16683.5,1101285.0,66.00086925714733,269.426,1.5566567074628228,1.8423709931771088,0.0,3,normal
0,5001,17,474.5,717444.0,1512.0,262.954,1.5566567074628228,1.8423709931771088,0.0,3,normal
0,0,1,1.0,98.0,98.0,282.977,1.5566567074628228,1.8423709931771088,0.0,3,normal
0,0,1,1.0,98.0,98.0,282.976,1.5566567074628228,1.8423709931771088,0.0,3,normal
0,5001,6,50631.5,2337569971.0,46941.03374687795,276.867,1.5566567074628228,1.8423709931771088,0.0,3,normal
0,36240,6,41517.0,2740122.0,66.00077341869738,276.859,1.5566567074628228,1.8423709931771088,0.0,3,normal
0,5001,6,48655.0,2184284438.0,46115.45452692216,271.547,1.5566567074628228,1.8423709931771088,0.0,3,normal
0,38892,6,44621.0,2945004.0,66.00086582111636,271.546,1.5566567074628228,1.8423709931771088,0.0,3,normal
0,5001,17,420.0,635040.0,1512.0,265.074,1.5566567074628228,1.8423709931771088,0.0,3,normal
0,0,1,1.0,98.0,98.0,285.243,1.5566567074628228,1.8423709931771088,0.0,3,normal
0,0,1,1.0,98.0,98.0,285.242,1.5566567074628228,1.8423709931771088,0.0,3,normal
0,5001,6,54131.0,2455212030.0,46929.770385380354,279.133,1.5566567074628228,1.8423709931771088,0.0,3,normal
0,36240,6,46784.0,3087768.0,66.00077133864046,279.125,1.5566567074628228,1.8423709931771088,0.0,3,normal
0,5001,6,52340.0,2414970260.0,46115.62779131881,273.813,1.5566567074628228,1.8423709931771088,0.0,3,normal
0,38892,6,42340.0,2794458.0,66.0008627583135,273.812,1.5566567074628228,1.8423709931771088,0.0,3,normal
0,5001,17,488.5,738612.0,1512.0,267.34,1.5566567074628228,1.8423709931771088,0.0,3,normal
0,0,1,1.0,98.0,98.0,287.248,1.5566567074628228,1.8423709931771088,0.0,3,normal
0,0,1,1.0,98.0,98.0,287.247,1.5566567074628228,1.8423709931771088,0.0,3,normal
0,5001,6,49163.5,2179368087.0,46913.08369778676,281.138,1.5566567074628228,1.8423709931771088,0.0,3,normal
0,36240,6,47066.0,3106368.0,66.0007672224287,281.13,1.5566567074628228,1.8423709931771088,0.0,3,normal
0,5001,6,47635.5,2139783435.0,46108.01082909502,275.818,1.5566567074628228,1.8423709931771088,0.0,3,normal
0,38892,6,43567.5,2875479.0,66.00086054368107,275.817,1.5566567074628228,1.8423709931771088,0.0,3,normal
0,5001,17,426.5,644868.0,1512.0,269.345,1.5566567074628228,1.8423709931771088,0.0,3,normal
0,0,1,1.0,98.0,98.0,289.259,1.5566567074628228,1.8423709931771088,0.0,3,normal
0,0,1,1.0,98.0,98.0,289.258,1.5566567074628228,1.8423709931771088,0.0,3,normal
0,5001,6,50614.5,2233334405.0,46894.78424857133,283.149,1.5566567074628228,1.8423709931771088,0.0,3,normal
0,36240,6,49228.5,3249081.0,66.00076087854767,283.141,1.5566567074628228,1.8423709931771088,0.0,3,normal
0,5001,6,52154.0,2370669060.0,46103.489091824114,277.829,1.5566567074628228,1.8423709931771088,0.0,3,normal
0,38892,6,45290.0,2989152.0,66.0008561796204,277.828,1.5566567074628228,1.8423709931771088,0.0,3,normal
0,5001,17,439.0,663768.0,1512.0,271.356,1.5566567074628228,1.8423709931771088,0.0,3,normal
0,0,1,0.5,49.0,98.0,291.267,1.5566567074628228,1.8423709931771088,0.0,3,normal
0,0,1,0.5,49.0,98.0,291.266,1.5566567074628228,1.8423709931771088,0.0,3,normal
0,5001,6,33532.5,1505876249.0,46886.18412697019,285.157,1.5566567074628228,1.8423709931771088,0.0,3,normal
0,36240,6,30652.5,2023071.0,66.00075798383318,285.149,1.5566567074628228,1.8423709931771088,0.0,3,normal
0,5001,6,32751.0,1498153570.0,46101.93119457575,279.837,1.5566567074628228,1.8423709931771088,0.0,3,normal
0,38892,6,28000.5,1848045.0,66.00085425120027,279.836,1.5566567074628228,1.8423709931771088,0.0,3,normal
0,5001,17,283.0,427896.0,1512.0,273.364,1.5566567074628228,1.8423709931771088,0.0,3,normal
0,0,1,1.0,98.0,98.0,293.272,1.5566567074628228,1.8423709931771088,0.0,3,normal
0,0,1,1.0,98.0,98.0,293.271,1.5566567074628228,1.8423709931771088,0.0,3,normal
0,5001,6,34736.0,1631322316.0,46886.529025063166,287.162,1.5566567074628228,1.8423709931771088,0.0,3,normal
0,36240,6,18907.0,1247898.0,66.0007615933726,287.154,1.5566567074628228,1.8423709931771088,0.0,3,normal
0,5001,6,30304.5,1450184145.0,46108.922979849034,281.842,1.5566567074628228,1.8423709931771088,0.0,3,normal
0,38892,6,15325.5,1011507.0,66.0008560037222,281.841,1.5566567074628228,1.8423709931771088,0.0,3,normal
0,5001,17,562.5,850500.0,1512.0,275.369,1.5566567074628228,1.8423709931771088,0.0,3,normal
0,0,1,1.5,147.0,98.0,295.281,1.5566567074628228,1.8423709931771088,0.0,3,normal
0,0,1,1.5,147.0,98.0,295.28,1.5566567074628228,1.8423709931771088,0.0,3,normal
0,5001,6,54721.5,2444532895.0,46871.06643017511,289.171,1.5566567074628228,1.8423709931771088,0.0,3,normal
0,36240,6,51024.0,3367584.0,66.00075517479316,289.163,1.5566567074628228,1.8423709931771088,0.0,3,normal
0,5001,6,54599.5,2487839687.0,46105.04140818195,283.851,1.5566567074628228,1.8423709931771088,0.0,3,normal
0,38892,6,47779.0,3153414.0,66.00084948288846,283.85,1.5566567074628228,1.8423709931771088,0.0,3,normal
0,5001,17,465.5,703836.0,1512.0,277.378,1.5566567074628228,1.8423709931771088,0.0,3,normal
0,0,1,0.5,49.0,98.0,297.335,1.5566567074628228,1.8423709931771088,0.0,3,normal
0,0,1,0.5,49.0,98.0,297.334,1.5566567074628228,1.8423709931771088,0.0,3,normal
0,5001,6,38400.0,1744154264.0,46863.99374814316,291.225,1.5566567074628228,1.8423709931771088,0.0,3,normal
0,36240,6,33727.0,2225988.0,66.00075197671073,291.217,1.5566567074628228,1.8423709931771088,0.0,3,normal
0,5001,6,33814.0,1552590496.0,46104.20752150485,285.905,1.5566567074628228,1.8423709931771088,0.0,3,normal
0,38892,6,28512.0,1881816.0,66.00084944789855,285.904,1.5566567074628228,1.8423709931771088,0.0,3,normal
0,5001,17,353.5,534492.0,1512.0,279.432,1.5566567074628228,1.8423709931771088,0.0,3,normal
0,0,1,1.0,98.0,98.0,299.43,1.5566567074628228,1.8423709931771088,0.0,3,normal
0,0,1,1.0,98.0,98.0,299.429,1.5566567074628228,1.8423709931771088,0.0,3,normal
0,5001,6,59690.0,2860673176.0,46871.97949424843,293.32,1.5566567074628228,1.8423709931771088,0.0,3,normal
0,36240,6,44193.5,2916789.0,66.00074949267369,293.312,1.5566567074628228,1.8423709931771088,0.0,3,normal
0,5001,6,55378.5,2514929673.0,46099.2632882096,288.0,1.5566567074628228,1.8423709931771088,0.0,3,normal
0,38892,6,48409.0,3195006.0,66.00084486118382,287.999,1.5566567074628228,1.8423709931771088,0.0,3,normal
0,5001,17,379.5,573804.0,1512.0,281.527,1.5566567074628228,1.8423709931771088,0.0,3,normal
0,0,1,1.0,98.0,98.0,301.435,1.5566567074628228,1.8423709931771088,0.0,3,normal
0,0,1,1.0,98.0,98.0,301.434,1.5566567074628228,1.8423709931771088,0.0,3,normal
0,5001,6,34103.5,1838104743.0,46902.04898992447,295.325,1.5566567074628228,1.8423709931771088,0.0,3,normal
0,36240,6,12585.0,830622.0,66.00074991053313,295.317,1.5566567074628228,1.8423709931771088,0.0,3,normal
0,5001,6,28068.0,1438307196.0,46117.85915249533,290.005,1.5566567074628228,1.8423709931771088,0.0,3,normal
0,38892,6,14617.5,964797.0,66.00084952054182,290.004,1.5566567074628228,1.8423709931771088,0.0,3,normal
0,5001,17,350.0,529200.0,1512.0,283.532,1.5566567074628228,1.8423709931771088,0.0,3,normal
0,0,1,1.0,98.0,98.0,303.437,1.5566567074628228,1.8423709931771088,0.0,3,normal
0,0,1,1.0,98.0,98.0,303.436,1.5566567074628228,1.8423709931771088,0.0,3,normal
0,5001,6,52156.5,2310456049.0,46885.11868937503,297.327,1.5566567074628228,1.8423709931771088,0.0,3,normal
0,36240,6,50011.5,3300765.0,66.00074482490763,297.319,1.5566567074628228,1.8423709931771088,0.0,3,normal
0,5001,6,51865.0,2311474442.0,46107.569806029685,292.007,1.5566567074628228,1.8423709931771088,0.0,3,normal
0,38892,6,48342.5,3190647.0,66.00084966590413,292.006,1.5566567074628228,1.8423709931771088,0.0,3,normal
0,5001,17,466.0,704592.0,1512.0,285.534,1.5566567074628228,1.8423709931771088,0.0,3,normal
0,0,1,1.0,98.0,98.0,305.439,1.5566567074628228,1.8423709931771088,0.0,3,normal
0,0,1,1.0,98.0,98.0,305.438,1.5566567074628228,1.8423709931771088,0.0,3,normal
0,5001,6,41866.0,2018632300.0,46892.03222239332,299.329,1.5566567074628228,1.8423709931771088,0.0,3,normal
0,36240,6,29194.5,1926867.0,66.00074615127173,299.321,1.5566567074628228,1.8423709931771088,0.0,3,normal
0,5001,6,40759.5,1824867963.0,46100.639600952956,294.009,1.5566567074628228,1.8423709931771088,0.0,3,normal
0,38892,6,36732.5,2424357.0,66.00084668693805,294.008,1.5566567074628228,1.8423709931771088,0.0,3,normal
0,5001,17,391.0,591192.0,1512.0,287.536,1.5566567074628228,1.8423709931771088,0.0,3,normal
0,0,1,0.5,49.0,98.0,307.449,1.5566567074628228,1.8423709931771088,0.0,3,normal
0,0,1,0.5,49.0,98.0,307.448,1.5566567074628228,1.8423709931771088,0.0,3,normal
0,5001,6,31553.5,1802720059.0,46931.95225197956,301.339,1.5566567074628228,1.8423709931771088,0.0,3,normal
0,36240,6,7202.0,475446.0,66.00076358406912,301.331,1.5566567074628228,1.8423709931771088,0.0,3,normal
0,5001,6,32593.5,1449403195.0,46093.899687871235,296.019,1.5566567074628228,1.8423709931771088,0.0,3,normal
0,38892,6,30801.5,2032917.0,66.00084544004089,296.018,1.5566567074628228,1.8423709931771088,0.0,3,normal
0,5001,17,325.5,492156.0,1512.0,289.546,1.5566567074628228,1.8423709931771088,0.0,3,normal
0,0,1,1.0,98.0,98.0,309.461,1.5566567074628228,1.8423709931771088,0.0,3,normal
0,0,1,1.0,98.0,98.0,309.46,1.5566567074628228,1.8423709931771088,0.0,3,normal
0,5001,6,39966.5,2285092293.0,46982.282792021324,303.351,1.5566567074628228,1.8423709931771088,0.0,3,normal
0,36240,6,9102.5,600999.0,66.00079996878327,303.343,1.5566567074628228,1.8423709931771088,0.0,3,normal
0,5001,6,35532.5,1560725689.0,46084.17091883455,298.031,1.5566567074628228,1.8423709931771088,0.0,3,normal
0,38892,6,35077.5,2315115.0,66.0008408877767,298.03,1.5566567074628228,1.8423709931771088,0.0,3,normal
0,5001,17,463.5,700812.0,1512.0,291.558,1.5566567074628228,1.8423709931771088,0.0,3,normal
0,0,1,1.5,147.0,98.0,311.551,1.5566567074628228,1.8423709931771088,0.0,3,normal
0,0,1,1.5,147.0,98.0,311.55,1.5566567074628228,1.8423709931771088,0.0,3,normal
0,5001,6,56297.5,3203583399.0,47050.48560154545,305.441,1.5566567074628228,1.8423709931771088,0.0,3,normal
0,36240,6,12953.5,855075.0,66.00082133986822,305.433,1.5566567074628228,1.8423709931771088,0.0,3,normal
0,5001,6,58508.0,2651354652.0,46078.54244701642,300.121,1.5566567074628228,1.8423709931771088,0.0,3,normal
0,38892,6,50130.5,3308637.0,66.00083812235002,300.12,1.5566567074628228,1.8423709931771088,0.0,3,normal
0,5001,17,489.5,740124.0,1512.0,293.648,1.5566567074628228,1.8423709931771088,0.0,3,normal
0,0,1,1.0,98.0,98.0,313.751,1.5566567074628228,1.8423709931771088,0.0,3,normal
0,0,1,1.0,98.0,98.0,313.75,1.5566567074628228,1.8423709931771088,0.0,3,normal
0,5001,6,51735.5,2842990471.0,47100.08649865424,307.641,1.5566567074628228,1.8423709931771088,0.0,3,normal
0,36240,6,18164.5,1199019.0,66.00084479263394,307.633,1.5566567074628228,1.8423709931771088,0.0,3,normal
0,5001,6,58850.0,2653574528.0,46071.3127575135,302.321,1.5566567074628228,1.8423709931771088,0.0,3,normal
0,38892,6,53149.0,3507876.0,66.00083773772735,302.32,1.5566567074628228,1.8423709931771088,0.0,3,normal
0,5001,17,443.5,670572.0,1512.0,295.848,1.5566567074628228,1.8423709931771088,0.0,3,normal
0,0,1,0.5,49.0,98.0,315.759,1.5566567074628228,1.8423709931771088,0.0,3,normal
0,0,1,0.5,49.0,98.0,315.758,1.5566567074628228,1.8423709931771088,0.0,3,normal
0,5001,6,36652.0,1669394472.0,47093.21122831566,309.649,1.5566567074628228,1.8423709931771088,0.0,3,normal
0,36240,6,31946.5,2108481.0,66.00084241480822,309.641,1.5566567074628228,1.8423709931771088,0.0,3,normal
0,5001,6,42741.5,1980406403.0,46072.704036598196,304.329,1.5566567074628228,1.8423709931771088,0.0,3,normal
0,38892,6,34833.5,2299053.0,66.0008396645761,304.328,1.5566567074628228,1.8423709931771088,0.0,3,normal
0,5001,17,301.0,455112.0,1512.0,297.856,1.5566567074628228,1.8423709931771088,0.0,3,normal
0,0,1,1.5,147.0,98.0,317.767,1.5566567074628228,1.8423709931771088,0.0,3,normal
0,0,1,1.5,147.0,98.0,317.766,1.5566567074628228,1.8423709931771088,0.0,3,normal
0,5001,6,36613.0,1628071266.0,47081.64784481341,311.657,1.5566567074628228,1.8423709931771088,0.0,3,normal
0,36240,6,34505.5,2277375.0,66.00083972177471,311.649,1.5566567074628228,1.8423709931771088,0.0,3,normal
0,5001,6,54412.0,2646564692.0,46089.860761662974,306.337,1.5566567074628228,1.8423709931771088,0.0,3,normal
0,38892,6,34144.5,2253597.0,66.00084434993654,306.336,1.5566567074628228,1.8423709931771088,0.0,3,normal
0,5001,17,491.5,743148.0,1512.0,299.864,1.5566567074628228,1.8423709931771088,0.0,3,normal
0,0,1,0.5,49.0,98.0,319.769,1.5566567074628228,1.8423709931771088,0.0,3,normal
0,0,1,0.5,49.0,98.0,319.768,1.5566567074628228,1.8423709931771088,0.0,3,normal
0,5001,6,44774.0,2030472200.0,47072.37018498203,313.659,1.5566567074628228,1.8423709931771088,0.0,3,normal
0,36240,6,33683.0,2223132.0,66.00084375782048,313.651,1.5566567074628228,1.8423709931771088,0.0,3,normal
0,5001,6,45017.0,2090046938.0,46091.72020436223,308.339,1.5566567074628228,1.8423709931771088,0.0,3,normal
0,38892,6,32363.0,2136018.0,66.00084921278898,308.338,1.5566567074628228,1.8423709931771088,0.0,3,normal
0,5001,17,519.0,784728.0,1512.0,301.866,1.5566567074628228,1.8423709931771088,0.0,3,normal
0,0,1,1.0,98.0,98.0,321.773,1.5566567074628228,1.8423709931771088,0.0,3,normal
0,0,1,1.0,98.0,98.0,321.772,1.5566567074628228,1.8423709931771088,0.0,3,normal
0,5001,6,36133.5,2016620743.0,47109.974420693645,315.663,1.5566567074628228,1.8423709931771088,0.0,3,normal
0,36240,6,8683.0,573240.0,66.00086800065735,315.655,1.5566567074628228,1.8423709931771088,0.0,3,normal
0,5001,6,29830.5,1320903073.0,46085.14240585511,310.343,1.5566567074628228,1.8423709931771088,0.0,3,normal
0,38892,6,27810.5,1835493.0,66.00084571240042,310.342,1.5566567074628228,1.8423709931771088,0.0,3,normal
0,5001,17,343.5,519372.0,1512.0,303.87,1.5566567074628228,1.8423709931771088,0.0,3,normal
0,0,1,1.0,98.0,98.0,323.781,1.5566567074628228,1.8423709931771088,0.0,3,normal
0,0,1,1.0,98.0,98.0,323.78,1.5566567074628228,1.8423709931771088,0.0,3,normal
0,5001,6,45730.0,2357043124.0,47133.98609885083,317.671,1.5566567074628228,1.8423709931771088,0.0,3,normal
0,36240,6,24552.0,1620528.0,66.0008796621685,317.663,1.5566567074628228,1.8423709931771088,0.0,3,normal
0,5001,6,52392.0,2359283948.0,46078.46442679297,312.351,1.5566567074628228,1.8423709931771088,0.0,3,normal
0,38892,6,46679.5,3080877.0,66.00084431735853,312.35,1.5566567074628228,1.8423709931771088,0.0,3,normal
0,5001,17,445.5,673596.0,1512.0,305.878,1.5566567074628228,1.8423709931771088,0.0,3,normal
0,0,1,1.0,98.0,98.0,325.786,1.5566567074628228,1.8423709931771088,0.0,3,normal
0,0,1,1.0,98.0,98.0,325.785,1.5566567074628228,1.8423709931771088,0.0,3,normal
0,5001,6,47021.0,2085211194.0,47118.54525661884,319.676,1.5566567074628228,1.8423709931771088,0.0,3,normal
0,36240,6,44914.0,2964330.0,66.00087446666642,319.668,1.5566567074628228,1.8423709931771088,0.0,3,normal
0,5001,6,47056.0,2130241136.0,46073.89075902182,314.356,1.5566567074628228,1.8423709931771088,0.0,3,normal
0,38892,6,41747.5,2755365.0,66.00084354957058,314.355,1.5566567074628228,1.8423709931771088,0.0,3,normal
0,5001,17,464.0,701568.0,1512.0,307.883,1.5566567074628228,1.8423709931771088,0.0,3,normal
0,0,1,1.0,98.0,98.0,327.885,1.5566567074628228,1.8423709931771088,0.0,3,normal
0,0,1,1.0,98.0,98.0,327.884,1.5566567074628228,1.8423709931771088,0.0,3,normal
0,5001,6,44957.5,2066143695.0,47112.4298247788,321.775,1.5566567074628228,1.8423709931771088,0.0,3,normal
0,36240,6,37673.0,2486430.0,66.00087123824736,321.767,1.5566567074628228,1.8423709931771088,0.0,3,normal
0,5001,6,43726.5,1994038289.0,46071.42467856549,316.455,1.5566567074628228,1.8423709931771088,0.0,3,normal
0,38892,6,37332.5,2463969.0,66.00084245949283,316.454,1.5566567074628228,1.8423709931771088,0.0,3,normal
0,5001,17,387.5,585900.0,1512.0,309.982,1.5566567074628228,1.8423709931771088,0.0,3,normal
0,0,1,1.0,98.0,98.0,329.888,1.5566567074628228,1.8423709931771088,0.0,3,normal
0,0,1,1.0,98.0,98.0,329.887,1.5566567074628228,1.8423709931771088,0.0,3,normal
0,5001,6,38815.0,1743324822.0,47102.474468123204,323.778,1.5566567074628228,1.8423709931771088,0.0,3,normal
0,36240,6,35554.0,2346564.0,66.00086648941858,323.77,1.5566567074628228,1.8423709931771088,0.0,3,normal
0,5001,6,35668.5,1632989017.0,46070.19643168918,318.458,1.5566567074628228,1.8423709931771088,0.0,3,normal
0,38892,6,30178.0,1991754.0,66.0008396456452,318.457,1.5566567074628228,1.8423709931771088,0.0,3,normal
0,5001,17,340.5,514836.0,1512.0,311.985,1.5566567074628228,1.8423709931771088,0.0,3,normal
0,0,1,1.0,98.0,98.0,331.891,1.5566567074628228,1.8423709931771088,0.0,3,normal
0,0,1,1.0,98.0,98.0,331.89,1.5566567074628228,1.8423709931771088,0.0,3,normal
0,5001,6,64020.0,2887056508.0,47087.602604372696,325.781,1.5566567074628228,1.8423709931771088,0.0,3,normal
0,36240,6,57829.5,3816753.0,66.00085978669145,325.773,1.5566567074628228,1.8423709931771088,0.0,3,normal
0,5001,6,61044.0,2726791180.0,46060.08170668667,320.461,1.5566567074628228,1.8423709931771088,0.0,3,normal
0,38892,6,56856.0,3752526.0,66.00083709686875,320.46,1.5566567074628228,1.8423709931771088,0.0,3,normal
0,5001,17,459.0,694008.0,1512.0,313.988,1.5566567074628228,1.8423709931771088,0.0,3,normal
0,0,1,1.0,98.0,98.0,333.897,1.5566567074628228,1.8423709931771088,0.0,3,normal
0,0,1,1.0,98.0,98.0,333.896,1.5566567074628228,1.8423709931771088,0.0,3,normal
0,5001,6,71898.0,3167348976.0,47062.55203500768,327.787,1.5566567074628228,1.8423709931771088,0.0,3,normal
0,36240,6,70326.0,4641516.0,66.00085069556165,327.779,1.5566567074628228,1.8423709931771088,0.0,3,normal
0,5001,6,69588.0,3109393764.0,46048.83922249121,322.467,1.5566567074628228,1.8423709931771088,0.0,3,normal
0,38892,6,64717.0,4271322.0,66.00082938464529,322.466,1.5566567074628228,1.8423709931771088,0.0,3,normal
0,5001,17,443.0,669816.0,1512.0,315.994,1.5566567074628228,1.8423709931771088,0.0,3,normal
0,0,1,1.0,98.0,98.0,335.9,1.5566567074628228,1.8423709931771088,0.0,3,normal
0,0,1,1.0,98.0,98.0,335.899,1.5566567074628228,1.8423709931771088,0.0,3,normal
0,5001,6,49146.0,2152391156.0,47044.22026766123,329.79,1.5566567074628228,1.8423709931771088,0.0,3,normal
0,36240,6,48958.5,3231261.0,66.0008444793135,329.782,1.5566567074628228,1.8423709931771088,0.0,3,normal
0,5001,6,49646.0,2826928292.0,46111.91200201119,324.47,1.5566567074628228,1.8423709931771088,0.0,3,normal
0,38892,6,11676.0,770652.0,66.0008331247679,324.469,1.5566567074628228,1.8423709931771088,0.0,3,normal
0,5001,17,426.0,644112.0,1512.0,317.997,1.5566567074628228,1.8423709931771088,0.0,3,normal
0,0,1,0.0,0.0,98.0,337.91,1.5566567074628228,1.8423709931771088,0.0,3,normal
0,0,1,0.0,0.0,98.0,337.909,1.5566567074628228,1.8423709931771088,0.0,3,normal
0,5001,6,33199.0,1549586562.0,47042.82855132185,331.8,1.5566567074628228,1.8423709931771088,0.0,3,normal
0,36240,6,26137.5,1725093.0,66.00084387382688,331.792,1.5566567074628228,1.8423709931771088,0.0,3,normal
0,5001,6,34245.5,1574375715.0,46111.36023412832,326.48,1.5566567074628228,1.8423709931771088,0.0,3,normal
0,38892,6,28701.0,1894290.0,66.0008331372927,326.479,1.5566567074628228,1.8423709931771088,0.0,3,normal
0,5001,17,328.5,496692.0,1512.0,320.007,1.5566567074628228,1.8423709931771088,0.0,3,normal
0,0,1,0.0,0.0,98.0,339.912,1.5566567074628228,1.8423709931771088,0.0,3,normal
0,0,1,0.0,0.0,98.0,339.911,1.5566567074628228,1.8423709931771088,0.0,3,normal
0,5001,6,32048.5,1455136885.0,47036.87646884613,333.802,1.5566567074628228,1.8423709931771088,0.0,3,normal
0,36240,6,22376.0,1476852.0,66.0008464103134,333.794,1.5566567074628228,1.8423709931771088,0.0,3,normal
0,5001,6,37502.0,1976230156.0,46139.92470424565,328.482,1.5566567074628228,1.8423709931771088,0.0,3,normal
0,38892,6,10212.5,674139.0,66.00084804760714,328.481,1.5566567074628228,1.8423709931771088,0.0,3,normal
0,5001,17,510.5,771876.0,1512.0,322.009,1.5566567074628228,1.8423709931771088,0.0,3,normal
0,0,1,0.0,0.0,98.0,341.941,1.5566567074628228,1.8423709931771088,0.0,3,normal
0,0,1,0.0,0.0,98.0,341.94,1.5566567074628228,1.8423709931771088,0.0,3,normal
0,5001,6,26780.5,1230437513.0,47033.5731589862,335.831,1.5566567074628228,1.8423709931771088,0.0,3,normal
0,36240,6,14294.0,943404.0,66.00084462132071,335.823,1.5566567074628228,1.8423709931771088,0.0,3,normal
0,5001,6,31581.5,1514722755.0,46146.55745423331,330.511,1.5566567074628228,1.8423709931771088,0.0,3,normal
0,38892,6,13236.0,873636.0,66.00085492868858,330.51,1.5566567074628228,1.8423709931771088,0.0,3,normal
0,5001,17,550.5,832356.0,1512.0,324.038,1.5566567074628228,1.8423709931771088,0.0,3,normal
0,0,1,0.0,0.0,98.0,343.962,1.5566567074628228,1.8423709931771088,0.0,3,normal
0,0,1,0.0,0.0,98.0,343.961,1.5566567074628228,1.8423709931771088,0.0,3,normal
0,5001,6,56659.0,2563132458.0,47022.14964930138,337.852,1.5566567074628228,1.8423709931771088,0.0,3,normal
0,36240,6,50666.5,3343995.0,66.00083922112707,337.844,1.5566567074628228,1.8423709931771088,0.0,3,normal
0,5001,6,56684.0,2592171320.0,46143.855365991345,332.532,1.5566567074628228,1.8423709931771088,0.0,3,normal
0,38892,6,48580.5,3206391.0,66.00086003835564,332.531,1.5566567074628228,1.8423709931771088,0.0,3,normal
0,5001,17,425.5,643356.0,1512.0,326.059,1.5566567074628228,1.8423709931771088,0.0,3,normal
0,0,1,0.0,0.0,98.0,345.972,1.5566567074628228,1.8423709931771088,0.0,3,normal
0,0,1,0.0,0.0,98.0,345.971,1.5566567074628228,1.8423709931771088,0.0,3,normal
0,5001,6,48283.5,2164477839.0,47010.321683313385,339.862,1.5566567074628228,1.8423709931771088,0.0,3,normal
0,36240,6,44599.5,2943573.0,66.00083463836712,339.854,1.5566567074628228,1.8423709931771088,0.0,3,normal
0,5001,6,43839.0,2001404482.0,46141.40648317318,334.542,1.5566567074628228,1.8423709931771088,0.0,3,normal
0,38892,6,37774.0,2493126.0,66.00086136425882,334.541,1.5566567074628228,1.8423709931771088,0.0,3,normal
0,5001,17,369.0,557928.0,1512.0,328.069,1.5566567074628228,1.8423709931771088,0.0,3,normal
0,0,1,0.0,0.0,98.0,347.984,1.5566567074628228,1.8423709931771088,0.0,3,normal
0,0,1,0.0,0.0,98.0,347.983,1.5566567074628228,1.8423709931771088,0.0,3,normal
0,5001,6,43822.0,2020420876.0,47005.91369801908,341.874,1.5566567074628228,1.8423709931771088,0.0,3,normal
0,36240,6,34000.0,2244030.0,66.00083487375328,341.866,1.5566567074628228,1.8423709931771088,0.0,3,normal
0,5001,6,42053.5,1905746015.0,46137.47656325203,336.554,1.5566567074628228,1.8423709931771088,0.0,3,normal
0,38892,6,36283.0,2394690.0,66.0008586943076,336.553,1.5566567074628228,1.8423709931771088,0.0,3,normal
0,5001,17,387.0,585144.0,1512.0,330.081,1.5566567074628228,1.8423709931771088,0.0,3,normal
0,0,1,0.0,0.0,98.0,349.991,1.5566567074628228,1.8423709931771088,0.0,3,normal
0,0,1,0.0,0.0,98.0,349.99,1.5566567074628228,1.8423709931771088,0.0,3,normal
0,5001,6,41568.5,1861708797.0,46995.708454780506,343.881,1.5566567074628228,1.8423709931771088,0.0,3,normal
0,36240,6,38378.5,2533023.0,66.00083631071828,343.873,1.5566567074628228,1.8423709931771088,0.0,3,normal
0,5001,6,41739.5,1878952911.0,46132.19513329908,338.561,1.5566567074628228,1.8423709931771088,0.0,3,normal
0,38892,6,37931.5,2503491.0,66.00085585641202,338.56,1.5566567074628228,1.8423709931771088,0.0,3,normal
0,5001,17,381.0,576072.0,1512.0,332.088,1.5566567074628228,1.8423709931771088,0.0,3,normal
0,0,1,0.0,0.0,98.0,352.221,1.5566567074628228,1.8423709931771088,0.0,3,normal
0,0,1,0.0,0.0,98.0,352.22,1.5566567074628228,1.8423709931771088,0.0,3,normal
0,5001,6,60545.5,2729577775.0,46982.98399939521,346.111,1.5566567074628228,1.8423709931771088,0.0,3,normal
0,36240,6,54657.0,3607410.0,66.00083663852556,346.103,1.5566567074628228,1.8423709931771088,0.0,3,normal
0,5001,6,58350.0,2629486752.0,46125.20783612549,340.791,1.5566567074628228,1.8423709931771088,0.0,3,normal
0,38892,6,52678.5,3476799.0,66.00085214689797,340.79,1.5566567074628228,1.8423709931771088,0.0,3,normal
0,5001,17,520.0,786240.0,1512.0,334.318,1.5566567074628228,1.8423709931771088,0.0,3,normal
0,0,1,0.0,0.0,98.0,354.231,1.5566567074628228,1.8423709931771088,0.0,3,normal
0,0,1,0.0,0.0,98.0,354.23,1.5566567074628228,1.8423709931771088,0.0,3,normal
0,5001,6,31322.5,1489608365.0,46984.95332605087,348.121,1.5566567074628228,1.8423709931771088,0.0,3,normal
0,36240,6,21502.0,1419174.0,66.00084006538124,348.113,1.5566567074628228,1.8423709931771088,0.0,3,normal
0,5001,6,32021.5,1579832783.0,46136.69509682819,342.801,1.5566567074628228,1.8423709931771088,0.0,3,normal
0,38892,6,21048.0,1389240.0,66.00085953006348,342.8,1.5566567074628228,1.8423709931771088,0.0,3,normal
0,5001,17,366.5,554148.0,1512.0,336.328,1.5566567074628228,1.8423709931771088,0.0,3,normal
0,0,1,0.0,0.0,98.0,356.243,1.5566567074628228,1.8423709931771088,0.0,3,normal
0,0,1,0.0,0.0,98.0,356.242,1.5566567074628228,1.8423709931771088,0.0,3,normal
0,5001,6,53507.5,2390912823.0,46971.547985593796,350.133,1.5566567074628228,1.8423709931771088,0.0,3,normal
0,36240,6,49903.0,3293628.0,66.00083837590601,350.125,1.5566567074628228,1.8423709931771088,0.0,3,normal
0,5001,6,54226.0,2459248756.0,46131.96953543909,344.813,1.5566567074628228,1.8423709931771088,0.0,3,normal
0,38892,6,47841.5,3157575.0,66.00085883523354,344.812,1.5566567074628228,1.8423709931771088,0.0,3,normal
0,5001,17,417.5,631260.0,1512.0,338.34,1.5566567074628228,1.8423709931771088,0.0,3,normal
0,0,1,0.0,0.0,98.0,358.247,1.5566567074628228,1.8423709931771088,0.0,3,normal
0,0,1,0.0,0.0,98.0,358.246,1.5566567074628228,1.8423709931771088,0.0,3,normal
0,5001,6,60081.5,2690519223.0,46957.31393913894,352.137,1.5566567074628228,1.8423709931771088,0.0,3,normal
0,36240,6,55515.0,3664026.0,66.00083689356414,352.129,1.5566567074628228,1.8423709931771088,0.0,3,normal
0,5001,6,54982.0,2513726236.0,46129.464173265274,346.817,1.5566567074628228,1.8423709931771088,0.0,3,normal
0,38892,6,47215.5,3116259.0,66.00085822178764,346.816,1.5566567074628228,1.8423709931771088,0.0,3,normal
0,5001,17,442.5,669060.0,1512.0,340.344,1.5566567074628228,1.8423709931771088,0.0,3,normal
0,0,1,0.0,0.0,98.0,360.249,1.5566567074628228,1.8423709931771088,0.0,3,normal
0,0,1,0.0,0.0,98.0,360.248,1.5566567074628228,1.8423709931771088,0.0,3,normal
0,5001,6,32620.5,1479008613.0,46951.627220315,354.139,1.5566567074628228,1.8423709931771088,0.0,3,normal
0,36240,6,22806.0,1505232.0,66.00083926416379,354.131,1.5566567074628228,1.8423709931771088,0.0,3,normal
0,5001,6,37851.0,1956757518.0,46152.621534588965,348.819,1.5566567074628228,1.8423709931771088,0.0,3,normal
0,38892,6,17506.5,1155531.0,66.00086991964339,348.818,1.5566567074628228,1.8423709931771088,0.0,3,normal
0,5001,17,472.5,714420.0,1512.0,342.346,1.5566567074628228,1.8423709931771088,0.0,3,normal
0,0,1,0.0,0.0,98.0,362.252,1.5566567074628228,1.8423709931771088,0.0,3,normal
0,0,1,0.0,0.0,98.0,362.251,1.5566567074628228,1.8423709931771088,0.0,3,normal
0,5001,6,49700.5,2205389049.0,46937.89096053196,356.142,1.5566567074628228,1.8423709931771088,0.0,3,normal
0,36240,6,44639.0,2946180.0,66.00083488167391,356.134,1.5566567074628228,1.8423709931771088,0.0,3,normal
0,5001,6,50609.0,2277669870.0,46146.27508718856,350.822,1.5566567074628228,1.8423709931771088,0.0,3,normal
0,38892,6,42474.0,2803296.0,66.00086658316889,350.821,1.5566567074628228,1.8423709931771088,0.0,3,normal
0,5001,17,529.0,799848.0,1512.0,344.349,1.5566567074628228,1.8423709931771088,0.0,3,normal
0,0,1,0.0,0.0,98.0,364.254,1.5566567074628228,1.8423709931771088,0.0,3,normal
0,0,1,0.0,0.0,98.0,364.253,1.5566567074628228,1.8423709931771088,0.0,3,normal
0,5001,6,96325.5,4264166987.0,46910.60498965749,358.144,1.5566567074628228,1.8423709931771088,0.0,3,normal
0,36240,6,92473.5,6103263.0,66.0008259150867,358.136,1.5566567074628228,1.8423709931771088,0.0,3,normal
0,5001,6,96242.0,4280349968.0,46128.87722064748,352.824,1.5566567074628228,1.8423709931771088,0.0,3,normal
0,38892,6,91086.5,6011727.0,66.000858532409,352.823,1.5566567074628228,1.8423709931771088,0.0,3,normal
0,5001,17,462.0,698544.0,1512.0,346.351,1.5566567074628228,1.8423709931771088,0.0,3,normal
0,5001,6,75478.5,3318721125.0,46887.23360435088,360.151,1.5219280948873621,1.3709505944546687,0.0,3,normal
0,36240,6,74306.0,4904208.0,66.00081919458117,360.143,1.5219280948873621,1.3709505944546687,0.0,3,normal
0,5001,6,86821.5,3831999467.0,46110.342661053546,354.831,1.5219280948873621,1.3709505944546687,0.0,3,normal
0,38892,6,83983.5,5542929.0,66.00085146268705,354.83,1.5219280948873621,1.3709505944546687,0.0,3,normal
0,5001,17,478.5,723492.0,1512.0,348.358,1.5219280948873621,1.3709505944546687,0.0,3,normal
0,5001,6,48689.0,2172350546.0,46875.65656682235,362.154,1.5219280948873621,1.3709505944546687,0.0,3,normal
0,36240,6,43134.5,2846901.0,66.00081766054758,362.146,1.5219280948873621,1.3709505944546687,0.0,3,normal
0,5001,6,46332.0,2124154200.0,46109.03867783554,356.834,1.5219280948873621,1.3709505944546687,0.0,3,normal
0,38892,6,37102.0,2448780.0,66.00085359655247,356.833,1.5219280948873621,1.3709505944546687,0.0,3,normal
0,5001,17,474.5,717444.0,1512.0,350.361,1.5219280948873621,1.3709505944546687,0.0,3,normal
0,5001,6,22624.0,1029950392.0,46872.46312364986,364.164,1.5219280948873621,1.3709505944546687,0.0,3,normal
0,36240,6,16278.0,1074366.0,66.00081829386404,364.156,1.5219280948873621,1.3709505944546687,0.0,3,normal
0,5001,6,27431.0,1261969610.0,46108.73597024792,358.844,1.5219280948873621,1.3709505944546687,0.0,3,normal
0,38892,6,16965.0,1119690.0,66.00085171752329,358.843,1.5219280948873621,1.3709505944546687,0.0,3,normal
0,5001,17,547.0,827064.0,1512.0,352.371,1.5219280948873621,1.3709505944546687,0.0,3,normal
0,5001,6,37567.5,1708256227.0,46866.98624051667,366.245,1.5219280948873621,1.3709505944546687,0.0,3,normal
0,36240,6,32986.5,2177169.0,66.00082273114747,366.237,1.5219280948873621,1.3709505944546687,0.0,3,normal
0,5001,6,38324.5,1760079601.0,46107.99327528483,360.925,1.5219280948873621,1.3709505944546687,0.0,3,normal
0,38892,6,32145.5,2121681.0,66.00085825862658,360.924,1.5219280948873621,1.3709505944546687,0.0,3,normal
0,5001,17,377.0,570024.0,1512.0,354.452,1.5219280948873621,1.3709505944546687,0.0,3,normal
0,5001,6,32439.0,1465301646.0,46861.27973162983,368.401,1.5219280948873621,1.3709505944546687,0.0,3,normal
0,36240,6,26579.5,1754283.0,66.00082462422232,368.393,1.5219280948873621,1.3709505944546687,0.0,3,normal
0,5001,6,33162.5,1600838581.0,46115.566822027824,363.081,1.5219280948873621,1.3709505944546687,0.0,3,normal
0,38892,6,20985.0,1385052.0,66.00086135008507,363.08,1.5219280948873621,1.3709505944546687,0.0,3,normal
0,5001,17,483.5,731052.0,1512.0,356.608,1.5219280948873621,1.3709505944546687,0.0,3,normal
0,5001,6,15042.0,698363336.0,46860.604089828,370.403,1.5219280948873621,1.3709505944546687,0.0,3,normal
0,36240,6,8406.0,554814.0,66.00082610519166,370.395,1.5219280948873621,1.3709505944546687,0.0,3,normal
0,5001,6,19790.5,1019252477.0,46126.79070489272,365.083,1.5219280948873621,1.3709505944546687,0.0,3,normal
0,38892,6,5727.5,378027.0,66.00086226007043,365.082,1.5219280948873621,1.3709505944546687,0.0,3,normal
0,5001,17,428.5,647892.0,1512.0,358.61,1.5219280948873621,1.3709505944546687,0.0,3,normal
0,5001,6,42208.5,1912521601.0,46853.861211222116,372.415,1.5219280948873621,1.3709505944546687,0.0,3,normal
0,36240,6,34195.0,2256900.0,66.00082633845952,372.407,1.5219280948873621,1.3709505944546687,0.0,3,normal
0,5001,6,43315.5,1979229487.0,46124.82285446393,367.095,1.5219280948873621,1.3709505944546687,0.0,3,normal
0,38892,6,34302.5,2263983.0,66.00086077574177,367.094,1.5219280948873621,1.3709505944546687,0.0,3,normal
0,5001,17,463.5,700812.0,1512.0,360.622,1.5219280948873621,1.3709505944546687,0.0,3,normal
0,5001,6,37276.5,1678063365.0,46846.82671704155,374.601,1.5219280948873621,1.3709505944546687,0.0,3,normal
0,36240,6,33813.5,2231715.0,66.00082581584121,374.593,1.5219280948873621,1.3709505944546687,0.0,3,normal
0,5001,6,45325.0,2463568434.0,46163.727836292346,369.281,1.5219280948873621,1.3709505944546687,0.0,3,normal
0,38892,6,17616.5,1162731.0,66.00086420854596,369.28,1.5219280948873621,1.3709505944546687,0.0,3,normal
0,5001,17,330.5,499716.0,1512.0,362.808,1.5219280948873621,1.3709505944546687,0.0,3,normal
0,5001,6,39283.0,1784888306.0,46841.15954602549,376.855,1.5219280948873621,1.3709505944546687,0.0,3,normal
0,36240,6,34406.5,2270841.0,66.00082364934872,376.847,1.5219280948873621,1.3709505944546687,0.0,3,normal
0,5001,6,46503.5,2666730279.0,46217.70454433622,371.535,1.5219280948873621,1.3709505944546687,0.0,3,normal
0,38892,6,10411.0,687198.0,66.00087225695913,371.534,1.5219280948873621,1.3709505944546687,0.0,3,normal
0,5001,17,378.0,571536.0,1512.0,365.062,1.5219280948873621,1.3709505944546687,0.0,3,normal
0,5001,6,28640.0,1310452564.0,46837.98941639188,378.856,1.5219280948873621,1.3709505944546687,0.0,3,normal
0,36240,6,22089.0,1457922.0,66.00082757221071,378.848,1.5219280948873621,1.3709505944546687,0.0,3,normal
0,5001,6,35336.0,1995115688.0,46255.14309142854,373.536,1.5219280948873621,1.3709505944546687,0.0,3,normal
0,38892,6,8471.0,559134.0,66.00087743930136,373.535,1.5219280948873621,1.3709505944546687,0.0,3,normal
0,5001,17,472.5,714420.0,1512.0,367.063,1.5219280948873621,1.3709505944546687,0.0,3,normal
0,5001,6,27617.5,1315297687.0,46840.20173847643,380.868,1.5219280948873621,1.3709505944546687,0.0,3,normal
0,36240,6,8984.5,593019.0,66.00083211594202,380.86,1.5219280948873621,1.3709505944546687,0.0,3,normal
0,5001,6,21847.0,1020428662.0,46256.16397965726,375.548,1.5219280948873621,1.3709505944546687,0.0,3,normal
0,38892,6,8670.0,572244.0,66.00087952883258,375.547,1.5219280948873621,1.3709505944546687,0.0,3,normal
0,5001,17,633.5,957852.0,1512.0,369.075,1.5219280948873621,1.3709505944546687,0.0,3,normal
0,5001,6,33188.0,1470557312.0,46831.68865797688,382.87,1.5219280948873621,1.3709505944546687,0.0,3,normal
0,36240,6,31606.0,2086002.0,66.00082945844716,382.862,1.5219280948873621,1.3709505944546687,0.0,3,normal
0,5001,6,29602.5,1348754881.0,46254.05042458168,377.55,1.5219280948873621,1.3709505944546687,0.0,3,normal
0,38892,6,25659.5,1693563.0,66.00088123536595,377.549,1.5219280948873621,1.3709505944546687,0.0,3,normal
0,5001,17,297.0,449064.0,1512.0,371.077,1.5219280948873621,1.3709505944546687,0.0,3,normal
0,5001,6,37359.0,1948492450.0,46851.77701350379,384.882,1.5219280948873621,1.3709505944546687,0.0,3,normal
0,36240,6,15410.5,1017171.0,66.00083797902818,384.874,1.5219280948873621,1.3709505944546687,0.0,3,normal
0,5001,6,35346.0,1754309376.0,46266.291594659386,379.562,1.5219280948873621,1.3709505944546687,0.0,3,normal
0,38892,6,18882.5,1246281.0,66.00088368922252,379.561,1.5219280948873621,1.3709505944546687,0.0,3,normal
0,5001,17,481.5,728028.0,1512.0,373.089,1.5219280948873621,1.3709505944546687,0.0,3,normal
0,5001,6,27141.5,1471112691.0,46871.86864875884,386.891,1.5219280948873621,1.3709505944546687,0.0,3,normal
0,36240,6,10490.0,692358.0,66.0008391806012,386.883,1.5219280948873621,1.3709505944546687,0.0,3,normal
0,5001,6,22616.0,1069207012.0,46268.62839661104,381.571,1.5219280948873621,1.3709505944546687,0.0,3,normal
0,38892,6,15852.5,1046283.0,66.00088419410072,381.57,1.5219280948873621,1.3709505944546687,0.0,3,normal
0,5001,17,334.5,505764.0,1512.0,375.098,1.5219280948873621,1.3709505944546687,0.0,3,normal
0,5001,6,55688.0,2580857400.0,46868.92975841648,389.181,1.5219280948873621,1.3709505944546687,0.0,3,normal
0,36240,6,46272.5,3053991.0,66.00083492285977,389.173,1.5219280948873621,1.3709505944546687,0.0,3,normal
0,5001,6,53366.0,2404730460.0,46262.073550273744,383.861,1.5219280948873621,1.3709505944546687,0.0,3,normal
0,38892,6,47749.0,3151452.0,66.00088114888335,383.86,1.5219280948873621,1.3709505944546687,0.0,3,normal
0,5001,17,497.5,752220.0,1512.0,377.388,1.5219280948873621,1.3709505944546687,0.0,3,normal
0,5001,6,34777.5,1887075087.0,46894.58949399672,391.394,1.5219280948873621,1.3709505944546687,0.0,3,normal
0,36240,6,13589.0,896886.0,66.00083500755585,391.386,1.5219280948873621,1.3709505944546687,0.0,3,normal
0,5001,6,24633.5,1104762167.0,46258.53908756401,386.074,1.5219280948873621,1.3709505944546687,0.0,3,normal
0,38892,6,22633.5,1493823.0,66.00088015294601,386.073,1.5219280948873621,1.3709505944546687,0.0,3,normal
0,5001,17,331.0,500472.0,1512.0,379.601,1.5219280948873621,1.3709505944546687,0.0,3,normal
0,5001,6,24672.5,1110981517.0,46890.00708927384,393.411,1.5219280948873621,1.3709505944546687,0.0,3,normal
0,36240,6,22669.5,1496187.0,66.00083256417956,393.403,1.5219280948873621,1.3709505944546687,0.0,3,normal
0,5001,6,24757.0,1116432210.0,46255.625211452665,388.091,1.5219280948873621,1.3709505944546687,0.0,3,normal
0,38892,6,22422.0,1479870.0,66.00087993605148,388.09,1.5219280948873621,1.3709505944546687,0.0,3,normal
0,5001,17,330.0,498960.0,1512.0,381.618,1.5219280948873621,1.3709505944546687,0.0,3,normal
0,5001,6,26330.5,1233604101.0,46889.90448685093,395.42,1.5219280948873621,1.3709505944546687,0.0,3,normal
0,36240,6,21517.0,1420140.0,66.00083257521318,395.412,1.5219280948873621,1.3709505944546687,0.0,3,normal
0,5001,6,34108.5,1894327997.0,46287.55982773031,390.1,1.5219280948873621,1.3709505944546687,0.0,3,normal
0,38892,6,10950.0,722760.0,66.00088622436147,390.099,1.5219280948873621,1.3709505944546687,0.0,3,normal
0,5001,17,377.5,570780.0,1512.0,383.627,1.5219280948873621,1.3709505944546687,0.0,3,normal
0,5001,6,35054.0,2003723404.0,46925.533813105125,397.676,1.5219280948873621,1.3709505944546687,0.0,3,normal
0,36240,6,7988.0,527382.0,66.00085409466833,397.668,1.5219280948873621,1.3709505944546687,0.0,3,normal
0,5001,6,29674.5,1349599165.0,46285.15029044437,392.356,1.5219280948873621,1.3709505944546687,0.0,3,normal
0,38892,6,26053.5,1719573.0,66.00088857781752,392.355,1.5219280948873621,1.3709505944546687,0.0,3,normal
0,5001,17,360.0,544320.0,1512.0,385.883,1.5219280948873621,1.3709505944546687,0.0,3,normal
0,5001,6,23519.0,1150240738.0,46930.13446318642,399.678,1.5219280948873621,1.3709505944546687,0.0,3,normal
0,36240,6,14567.5,961479.0,66.00085557812939,399.67,1.5219280948873621,1.3709505944546687,0.0,3,normal
0,5001,6,19683.5,893555095.0,46283.394089489906,394.358,1.5219280948873621,1.3709505944546687,0.0,3,normal
0,38892,6,17299.0,1141758.0,66.00088964933238,394.357,1.5219280948873621,1.3709505944546687,0.0,3,normal
0,5001,17,357.5,540540.0,1512.0,387.885,1.5219280948873621,1.3709505944546687,0.0,3,normal
0,5001,6,27785.0,1577977742.0,46957.11436830524,401.813,1.5219280948873621,1.3709505944546687,0.0,3,normal
0,36240,6,6456.0,426162.0,66.00086333382023,401.805,1.5219280948873621,1.3709505944546687,0.0,3,normal
0,5001,6,26473.0,1513829862.0,46312.27877147881,396.493,1.5219280948873621,1.3709505944546687,0.0,3,normal
0,38892,6,6015.0,397092.0,66.00090164253807,396.492,1.5219280948873621,1.3709505944546687,0.0,3,normal
0,5001,17,310.5,469476.0,1512.0,390.02,1.5219280948873621,1.3709505944546687,0.0,3,normal
0,5001,6,22247.0,1278555894.0,46980.09350307695,403.815,1.5219280948873621,1.3709505944546687,0.0,3,normal
0,36240,6,4910.5,324135.0,66.00086817331605,403.807,1.5219280948873621,1.3709505944546687,0.0,3,normal
0,5001,6,22745.5,1300206831.0,46336.92745527455,398.495,1.5219280948873621,1.3709505944546687,0.0,3,normal
0,38892,6,5185.5,342285.0,66.00090627118453,398.494,1.5219280948873621,1.3709505944546687,0.0,3,normal
0,5001,17,229.0,346248.0,1512.0,392.022,1.5219280948873621,1.3709505944546687,0.0,3,normal
0,5001,6,29036.0,1332246792.0,46976.97167849046,405.861,1.5219280948873621,1.3709505944546687,0.0,3,normal
0,36240,6,24350.0,1607118.0,66.00086777213494,405.853,1.5219280948873621,1.3709505944546687,0.0,3,normal
0,5001,6,29322.0,1334763824.0,46334.54481781323,400.541,1.5219280948873621,1.3709505944546687,0.0,3,normal
0,38892,6,24346.0,1606836.0,66.00090354323589,400.54,1.5219280948873621,1.3709505944546687,0.0,3,normal
0,5001,17,444.5,672084.0,1512.0,394.068,1.5219280948873621,1.3709505944546687,0.0,3,normal
0,5001,6,16352.5,878361833.0,46987.74715044556,407.865,1.5219280948873621,1.3709505944546687,0.0,3,normal
0,36240,6,4586.0,302730.0,66.0008741591916,407.857,1.5219280948873621,1.3709505944546687,0.0,3,normal
0,5001,6,16208.5,832381309.0,46342.634135650536,402.545,1.5219280948873621,1.3709505944546687,0.0,3,normal
0,38892,6,4760.0,314202.0,66.00090820152312,402.544,1.5219280948873621,1.3709505944546687,0.0,3,normal
0,5001,17,562.0,849744.0,1512.0,396.072,1.5219280948873621,1.3709505944546687,0.0,3,normal
0,5001,6,52167.5,2467143123.0,46989.295341193254,409.867,1.5219280948873621,1.3709505944546687,0.0,3,normal
0,36240,6,38361.5,2531889.0,66.00087371013078,409.859,1.5219280948873621,1.3709505944546687,0.0,3,normal
0,5001,6,49361.0,2287096810.0,46342.59239129333,404.547,1.5219280948873621,1.3709505944546687,0.0,3,normal
0,38892,6,38752.5,2557677.0,66.00090534908574,404.546,1.5219280948873621,1.3709505944546687,0.0,3,normal
0,5001,17,516.0,780192.0,1512.0,398.074,1.5219280948873621,1.3709505944546687,0.0,3,normal
0,5001,6,79332.0,3564430536.0,46973.52395183748,411.869,1.5219280948873621,1.3709505944546687,0.0,3,normal
0,36240,6,71444.0,4715304.0,66.00086584981787,411.861,1.5219280948873621,1.3709505944546687,0.0,3,normal
0,5001,6,67348.5,3009732057.0,46331.64715386255,406.549,1.5219280948873621,1.3709505944546687,0.0,3,normal
0,38892,6,61442.0,4055202.0,66.00090222128051,406.548,1.5219280948873621,1.3709505944546687,0.0,3,normal
0,5001,17,329.5,498204.0,1512.0,400.076,1.5219280948873621,1.3709505944546687,0.0,3,normal
0,5001,6,151279.5,6776675311.0,46942.1681296742,413.947,1.5219280948873621,1.3709505944546687,0.0,3,normal
0,36240,6,140251.0,9256566.0,66.00085082351451,413.939,1.5219280948873621,1.3709505944546687,0.0,3,normal
0,5001,6,149003.0,6648768530.0,46306.96909628559,408.627,1.5219280948873621,1.3709505944546687,0.0,3,normal
0,38892,6,139185.5,9186309.0,66.00089507125736,408.626,1.5219280948873621,1.3709505944546687,0.0,3,normal
0,5001,17,550.0,831600.0,1512.0,402.154,1.5219280948873621,1.3709505944546687,0.0,3,normal
0,5001,6,85242.5,3833536013.0,46926.313922115616,415.96,1.5219280948873621,1.3709505944546687,0.0,3,normal
0,36240,6,78300.5,5167833.0,66.0008426591927,415.952,1.5219280948873621,1.3709505944546687,0.0,3,normal
0,5001,6,89945.5,4021719131.0,46293.20111676832,410.64,1.5219280948873621,1.3709505944546687,0.0,3,normal
0,38892,6,83636.0,5520024.0,66.00089187967086,410.639,1.5219280948873621,1.3709505944546687,0.0,3,normal
0,5001,17,365.0,551880.0,1512.0,404.167,1.5219280948873621,1.3709505944546687,0.0,3,normal
0,5001,6,54318.0,2692598868.0,46939.8070335238,418.167,1.5219280948873621,1.3709505944546687,0.0,3,normal
0,36240,6,32948.0,2174658.0,66.00085025559848,418.159,1.5219280948873621,1.3709505944546687,0.0,3,normal
0,5001,6,55116.0,2484248384.0,46286.777887361146,412.847,1.5219280948873621,1.3709505944546687,0.0,3,normal
0,38892,6,45014.5,2970975.0,66.00088926205433,412.846,1.5219280948873621,1.3709505944546687,0.0,3,normal
0,5001,17,585.0,884520.0,1512.0,406.374,1.5219280948873621,1.3709505944546687,0.0,3,normal
0,5001,6,23169.5,1082092527.0,46939.29349405829,420.327,1.5219280948873621,1.3709505944546687,0.0,3,normal
0,36240,6,18103.0,1194858.0,66.00085568833312,420.319,1.5219280948873621,1.3709505944546687,0.0,3,normal
0,5001,6,37645.0,2052125330.0,46316.24935708928,415.007,1.5219280948873621,1.3709505944546687,0.0,3,normal
0,38892,6,12317.5,812997.0,66.00089292610977,415.006,1.5219280948873621,1.3709505944546687,0.0,3,normal
0,5001,17,345.5,522396.0,1512.0,408.534,1.5219280948873621,1.3709505944546687,0.0,3,normal
0,5001,6,57481.5,2605685475.0,46930.67471681038,422.45,1.5219280948873621,1.3709505944546687,0.0,3,normal
0,36240,6,51321.5,3387243.0,66.00085327794893,422.442,1.5219280948873621,1.3709505944546687,0.0,3,normal
0,5001,6,58863.5,2705218503.0,46314.25067064422,417.13,1.5219280948873621,1.3709505944546687,0.0,3,normal
0,38892,6,49308.0,3254382.0,66.00089409613187,417.129,1.5219280948873621,1.3709505944546687,0.0,3,normal
0,5001,17,465.0,703080.0,1512.0,410.657,1.5219280948873621,1.3709505944546687,0.0,3,normal
0,5001,6,40917.5,1833645515.0,46922.628723368885,424.659,1.5219280948873621,1.3709505944546687,0.0,3,normal
0,36240,6,38080.5,2513313.0,66.00084936325767,424.651,1.5219280948873621,1.3709505944546687,0.0,3,normal
0,5001,6,45028.5,2025875717.0,46308.63521650221,419.339,1.5219280948873621,1.3709505944546687,0.0,3,normal
0,38892,6,40988.0,2705256.0,66.00089542184055,419.338,1.5219280948873621,1.3709505944546687,0.0,3,normal
0,5001,17,426.0,644112.0,1512.0,412.866,1.5219280948873621,1.3709505944546687,0.0,3,normal
0,5001,6,15041.5,718525183.0,46923.810050551416,426.657,1.5219280948873621,1.3709505944546687,0.0,3,normal
0,36240,6,10154.0,670236.0,66.0008569892303,426.649,1.5219280948873621,1.3709505944546687,0.0,3,normal
0,5001,6,23180.0,1076245820.0,46308.89961476537,421.337,1.5219280948873621,1.3709505944546687,0.0,3,normal
0,38892,6,15348.5,1013031.0,66.00089731679199,421.336,1.5219280948873621,1.3709505944546687,0.0,3,normal
0,5001,17,350.0,529200.0,1512.0,414.864,1.5219280948873621,1.3709505944546687,0.0,3,normal
0,5001,6,25420.0,1163076860.0,46921.05979678496,428.667,1.5219280948873621,1.3709505944546687,0.0,3,normal
0,36240,6,20047.5,1323153.0,66.00085708760432,428.659,1.5219280948873621,1.3709505944546687,0.0,3,normal
0,5001,6,38945.0,2058538826.0,46332.79505357082,423.347,1.5219280948873621,1.3709505944546687,0.0,3,normal
0,38892,6,10714.5,707187.0,66.0008996900854,423.346,1.5219280948873621,1.3709505944546687,0.0,3,normal
0,5001,17,551.5,833868.0,1512.0,416.874,1.5219280948873621,1.3709505944546687,0.0,3,normal
0,5001,6,42565.0,1915928954.0,46913.57065068915,430.674,1.5219280948873621,1.3709505944546687,0.0,3,normal
0,36240,6,38965.0,2571690.0,66.00085309735275,430.666,1.5219280948873621,1.3709505944546687,0.0,3,normal
0,5001,6,48041.5,2762087231.0,46382.80741300727,425.354,1.5219280948873621,1.3709505944546687,0.0,3,normal
0,38892,6,10589.5,698979.0,66.00090695417579,425.353,1.5219280948873621,1.3709505944546687,0.0,3,normal
0,5001,17,417.0,630504.0,1512.0,418.881,1.5219280948873621,1.3709505944546687,0.0,3,normal
0,5001,6,44228.0,1989282252.0,46905.713095237275,432.697,1.5219280948873621,1.3709505944546687,0.0,3,normal
0,36240,6,40623.5,2681151.0,66.00084897662943,432.689,1.5219280948873621,1.3709505944546687,0.0,3,normal
0,5001,6,42477.0,2189544210.0,46403.185450784644,427.377,1.5219280948873621,1.3709505944546687,0.0,3,normal
0,38892,6,23197.0,1531062.0,66.00091147227008,427.376,1.5219280948873621,1.3709505944546687,0.0,3,normal
0,5001,17,396.5,599508.0,1512.0,420.904,1.5219280948873621,1.3709505944546687,0.0,3,normal
0,5001,6,36519.5,1632519795.0,46898.35359633338,434.73,1.5219280948873621,1.3709505944546687,0.0,3,normal
0,36240,6,34175.5,2255583.0,66.00084554067885,434.722,1.5219280948873621,1.3709505944546687,0.0,3,normal
0,5001,6,33647.0,1505387558.0,46398.00447668343,429.41,1.5219280948873621,1.3709505944546687,0.0,3,normal
0,38892,6,31073.5,2050851.0,66.00090819967382,429.409,1.5219280948873621,1.3709505944546687,0.0,3,normal
0,5001,17,298.0,450576.0,1512.0,422.937,1.5219280948873621,1.3709505944546687,0.0,3,normal
0,5001,6,37573.5,1682174339.0,46891.06419795167,436.897,1.5219280948873621,1.3709505944546687,0.0,3,normal
0,36240,6,34902.0,2303538.0,66.0008427678875,436.889,1.5219280948873621,1.3709505944546687,0.0,3,normal
0,5001,6,42819.5,2440284423.0,46439.844047634804,431.577,1.5219280948873621,1.3709505944546687,0.0,3,normal
0,38892,6,9969.0,658056.0,66.00091892696983,431.576,1.5219280948873621,1.3709505944546687,0.0,3,normal
0,5001,17,442.0,668304.0,1512.0,425.104,1.5219280948873621,1.3709505944546687,0.0,3,normal
0,5001,6,25856.5,1200420493.0,46889.97116160643,438.905,1.5219280948873621,1.3709505944546687,0.0,3,normal
0,36240,6,18363.0,1211970.0,66.00084235885899,438.897,1.5219280948873621,1.3709505944546687,0.0,3,normal
0,5001,6,26755.5,1388997231.0,46453.323200256484,433.585,1.5219280948873621,1.3709505944546687,0.0,3,normal
0,38892,6,11568.5,763545.0,66.00092046792874,433.584,1.5219280948873621,1.3709505944546687,0.0,3,normal
0,5001,17,535.5,809676.0,1512.0,427.112,1.5219280948873621,1.3709505944546687,0.0,3,normal
0,5001,6,24040.5,1092302249.0,46886.79892371465,440.907,1.5219280948873621,1.3709505944546687,0.0,3,normal
0,36240,6,20711.5,1366965.0,66.0008410150996,440.899,1.5219280948873621,1.3709505944546687,0.0,3,normal
0,5001,6,27396.0,1513994588.0,46475.47794662322,435.587,1.5219280948873621,1.3709505944546687,0.0,3,normal
0,38892,6,6999.0,461958.0,66.00092248999513,435.586,1.5219280948873621,1.3709505944546687,0.0,3,normal
0,5001,17,409.0,618408.0,1512.0,429.114,1.5219280948873621,1.3709505944546687,0.0,3,normal
0,5001,6,24303.5,1157921931.0,46888.46581404071,442.91,1.5219280948873621,1.3709505944546687,0.0,3,normal
0,36240,6,12087.0,797778.0,66.00084404365136,442.902,1.5219280948873621,1.3709505944546687,0.0,3,normal
0,5001,6,24745.0,1138733426.0,46474.44284441929,437.59,1.5219280948873621,1.3709505944546687,0.0,3,normal
0,38892,6,15198.0,1003080.0,66.00092225776334,437.589,1.5219280948873621,1.3709505944546687,0.0,3,normal
0,5001,17,407.5,616140.0,1512.0,431.117,1.5219280948873621,1.3709505944546687,0.0,3,normal
0,5001,6,35460.5,1611708753.0,46883.864404627195,444.912,1.5219280948873621,1.3709505944546687,0.0,3,normal
0,36240,6,31316.0,2066862.0,66.00084165719569,444.904,1.5219280948873621,1.3709505944546687,0.0,3,normal
0,5001,6,40980.0,1861611812.0,46470.52761142247,439.592,1.5219280948873621,1.3709505944546687,0.0,3,normal
0,38892,6,33386.0,2203500.0,66.00092148007154,439.591,1.5219280948873621,1.3709505944546687,0.0,3,normal
0,5001,17,460.0,695520.0,1512.0,433.119,1.5219280948873621,1.3709505944546687,0.0,3,normal
0,5001,6,55327.5,2507207839.0,46876.07246323446,446.931,1.5219280948873621,1.3709505944546687,0.0,3,normal
0,36240,6,48752.0,3217650.0,66.00083898224625,446.923,1.5219280948873621,1.3709505944546687,0.0,3,normal
0,5001,6,48347.5,2170023131.0,46463.5591834269,441.611,1.5219280948873621,1.3709505944546687,0.0,3,normal
0,38892,6,43831.0,2892870.0,66.00091961242724,441.61,1.5219280948873621,1.3709505944546687,0.0,3,normal
0,5001,17,461.5,697788.0,1512.0,435.138,1.5219280948873621,1.3709505944546687,0.0,3,normal
0,5001,6,37978.5,1748566789.0,46873.233683741324,449.152,1.5219280948873621,1.3709505944546687,0.0,3,normal
0,36240,6,28917.5,1908579.0,66.00083895200449,449.144,1.5219280948873621,1.3709505944546687,0.0,3,normal
0,5001,6,37955.0,1744547406.0,46461.84123067703,443.832,1.5219280948873621,1.3709505944546687,0.0,3,normal
0,38892,6,29649.5,1956885.0,66.0009185600753,443.831,1.5219280948873621,1.3709505944546687,0.0,3,normal
0,5001,17,488.5,738612.0,1512.0,437.359,1.5219280948873621,1.3709505944546687,0.0,3,normal
0,5001,6,56898.0,2732996412.0,46879.11142011286,451.16,1.5219280948873621,1.3709505944546687,0.0,3,normal
0,36240,6,41812.0,2759616.0,66.00083767587795,451.152,1.5219280948873621,1.3709505944546687,0.0,3,normal
0,5001,6,54774.0,2450493772.0,46453.33689038376,445.84,1.5219280948873621,1.3709505944546687,0.0,3,normal
0,38892,6,50862.0,3356922.0,66.00091667210087,445.839,1.5219280948873621,1.3709505944546687,0.0,3,normal
0,5001,17,456.0,689472.0,1512.0,439.367,1.5219280948873621,1.3709505944546687,0.0,3,normal
0,5001,6,38284.5,2096095181.0,46905.85632619445,453.164,1.5219280948873621,1.3709505944546687,0.0,3,normal
0,36240,6,14071.5,928755.0,66.00084046046607,453.156,1.5219280948873621,1.3709505944546687,0.0,3,normal
0,5001,6,34661.0,1647730262.0,46456.714415804105,447.844,1.5219280948873621,1.3709505944546687,0.0,3,normal
0,38892,6,26456.5,1746165.0,66.00091799472305,447.843,1.5219280948873621,1.3709505944546687,0.0,3,normal
0,5001,17,275.5,416556.0,1512.0,441.371,1.5219280948873621,1.3709505944546687,0.0,3,normal
0,5001,6,51948.0,2656505088.0,46925.27750660073,455.563,1.5219280948873621,1.3709505944546687,0.0,3,normal
0,36240,6,28388.5,1873683.0,66.000842539945,455.555,1.5219280948873621,1.3709505944546687,0.0,3,normal
0,5001,6,52386.5,3013332021.0,46508.52190796667,450.243,1.5219280948873621,1.3709505944546687,0.0,3,normal
0,38892,6,11529.5,761109.0,66.00093501935898,450.242,1.5219280948873621,1.3709505944546687,0.0,3,normal
0,5001,17,464.0,701568.0,1512.0,443.77,1.5219280948873621,1.3709505944546687,0.0,3,normal
0,5001,6,27833.5,1574877195.0,46948.964174268214,457.59,1.5219280948873621,1.3709505944546687,0.0,3,normal
0,36240,6,6500.0,429042.0,66.0008467235624,457.582,1.5219280948873621,1.3709505944546687,0.0,3,normal
0,5001,6,26341.5,1472675935.0,46530.5980610446,452.27,1.5219280948873621,1.3709505944546687,0.0,3,normal
0,38892,6,6357.5,419637.0,66.00093907041916,452.269,1.5219280948873621,1.3709505944546687,0.0,3,normal
0,5001,17,358.5,542052.0,1512.0,445.797,1.5219280948873621,1.3709505944546687,0.0,3,normal
0,5001,6,51748.0,2353049156.0,46942.25615263294,459.592,1.5219280948873621,1.3709505944546687,0.0,3,normal
0,36240,6,44482.0,2935830.0,66.00084448255443,459.584,1.5219280948873621,1.3709505944546687,0.0,3,normal
0,5001,6,52383.0,2387297298.0,46526.15004424273,454.272,1.5219280948873621,1.3709505944546687,0.0,3,normal
0,38892,6,44420.5,2931765.0,66.00093574845874,454.271,1.5219280948873621,1.3709505944546687,0.0,3,normal
0,5001,17,438.5,663012.0,1512.0,447.799,1.5219280948873621,1.3709505944546687,0.0,3,normal
0,5001,6,41705.0,1853496562.0,46933.14581090187,461.598,1.5219280948873621,1.3709505944546687,0.0,3,normal
0,36240,6,39680.5,2618925.0,66.00084204225539,461.59,1.5219280948873621,1.3709505944546687,0.0,3,normal
0,5001,6,39923.0,1790622618.0,46520.23845241423,456.278,1.5219280948873621,1.3709505944546687,0.0,3,normal
0,38892,6,36750.0,2425512.0,66.0009332556845,456.277,1.5219280948873621,1.3709505944546687,0.0,3,normal
0,5001,17,335.5,507276.0,1512.0,449.805,1.5219280948873621,1.3709505944546687,0.0,3,normal
0,5001,6,51638.5,2306515545.0,46922.961636572276,463.602,1.5219280948873621,1.3709505944546687,0.0,3,normal
0,36240,6,48295.5,3187515.0,66.00083880766097,463.594,1.5219280948873621,1.3709505944546687,0.0,3,normal
0,5001,6,50631.0,2274066654.0,46513.08015032519,458.282,1.5219280948873621,1.3709505944546687,0.0,3,normal
0,38892,6,46349.0,3059040.0,66.00092912893996,458.281,1.5219280948873621,1.3709505944546687,0.0,3,normal
0,5001,17,411.0,621432.0,1512.0,451.809,1.5219280948873621,1.3709505944546687,0.0,3,normal
0,5001,6,50150.5,2229682333.0,46912.25979916152,465.612,1.5219280948873621,1.3709505944546687,0.0,3,normal
0,36240,6,47666.5,3145995.0,66.00083499373446,465.604,1.5219280948873621,1.3709505944546687,0.0,3,normal
0,5001,6,48068.0,2164715244.0,46506.84843472357,460.292,1.5219280948873621,1.3709505944546687,0.0,3,normal
0,38892,6,42630.0,2813592.0,66.00092608512233,460.291,1.5219280948873621,1.3709505944546687,0.0,3,normal
0,5001,17,480.0,725760.0,1512.0,453.819,1.5219280948873621,1.3709505944546687,0.0,3,normal
0,5001,6,53243.0,2367758918.0,46901.04975822708,467.649,1.5219280948873621,1.3709505944546687,0.0,3,normal
0,36240,6,50449.5,3329673.0,66.00083096223776,467.641,1.5219280948873621,1.3709505944546687,0.0,3,normal
0,5001,6,53316.5,2396631465.0,46499.609352563566,462.329,1.5219280948873621,1.3709505944546687,0.0,3,normal
0,38892,6,48635.0,3209910.0,66.00092114600872,462.328,1.5219280948873621,1.3709505944546687,0.0,3,normal
0,5001,17,424.0,641088.0,1512.0,455.856,1.5219280948873621,1.3709505944546687,0.0,3,normal
0,5001,6,51750.0,2456411456.0,46903.563752658636,469.89,1.5219280948873621,1.3709505944546687,0.0,3,normal
0,36240,6,37192.5,2454753.0,66.00083286206537,469.882,1.5219280948873621,1.3709505944546687,0.0,3,normal
0,5001,6,49343.0,2211100094.0,46492.36835760536,464.57,1.5219280948873621,1.3709505944546687,0.0,3,normal
0,38892,6,45504.5,3003315.0,66.000918536365,464.569,1.5219280948873621,1.3709505944546687,0.0,3,normal
0,5001,17,450.5,681156.0,1512.0,458.097,1.5219280948873621,1.3709505944546687,0.0,3,normal
0,5001,6,44403.0,2548002894.0,46943.36376836081,471.895,1.5219280948873621,1.3709505944546687,0.0,3,normal
0,36240,6,9853.0,650340.0,66.00083661370611,471.887,1.5219280948873621,1.3709505944546687,0.0,3,normal
0,5001,6,32537.0,1464456794.0,46488.186147009845,466.575,1.5219280948873621,1.3709505944546687,0.0,3,normal
0,38892,6,29562.5,1951161.0,66.00091949847416,466.574,1.5219280948873621,1.3709505944546687,0.0,3,normal
0,5001,17,431.0,651672.0,1512.0,460.102,1.5219280948873621,1.3709505944546687,0.0,3,normal
0,5001,6,29918.5,1719880181.0,46970.27094107792,473.897,1.5219280948873621,1.3709505944546687,0.0,3,normal
0,36240,6,6580.0,434328.0,66.00084132788031,473.889,1.5219280948873621,1.3709505944546687,0.0,3,normal
0,5001,6,31747.0,1421410838.0,46483.481015890495,468.577,1.5219280948873621,1.3709505944546687,0.0,3,normal
0,38892,6,29449.0,1943658.0,66.000919164731,468.576,1.5219280948873621,1.3709505944546687,0.0,3,normal
0,5001,17,349.0,527688.0,1512.0,462.104,1.5219280948873621,1.3709505944546687,0.0,3,normal
0,5001,6,31590.0,1593595112.0,46979.613151007914,475.899,1.5219280948873621,1.3709505944546687,0.0,3,normal
0,36240,6,17118.5,1129833.0,66.00084106189047,475.891,1.5219280948873621,1.3709505944546687,0.0,3,normal
0,5001,6,27862.0,1257377408.0,46480.22717767055,470.579,1.5219280948873621,1.3709505944546687,0.0,3,normal
0,38892,6,21716.0,1433262.0,66.00091765471295,470.578,1.5219280948873621,1.3709505944546687,0.0,3,normal
0,5001,17,327.0,494424.0,1512.0,464.106,1.5219280948873621,1.3709505944546687,0.0,3,normal
0,5001,6,57883.5,3030609211.0,47005.96595827615,477.905,1.5219280948873621,1.3709505944546687,0.0,3,normal
0,36240,6,25997.0,1715874.0,66.0008465971113,477.897,1.5219280948873621,1.3709505944546687,0.0,3,normal
0,5001,6,52306.0,2355215564.0,46473.70678916224,472.585,1.5219280948873621,1.3709505944546687,0.0,3,normal
0,38892,6,45179.0,2981844.0,66.00091642133057,472.584,1.5219280948873621,1.3709505944546687,0.0,3,normal
0,5001,17,487.0,736344.0,1512.0,466.112,1.5219280948873621,1.3709505944546687,0.0,3,normal
0,5001,6,53459.5,2510218291.0,47005.7386369517,480.022,1.5219280948873621,1.3709505944546687,0.0,3,normal
0,36240,6,40425.0,2668122.0,66.0008507493299,480.014,1.5219280948873621,1.3709505944546687,0.0,3,normal
0,5001,6,48438.5,2184367889.0,46468.00225254338,474.702,1.5219280948873621,1.3709505944546687,0.0,3,normal
0,38892,6,42822.5,2826303.0,66.00091414524044,474.701,1.5219280948873621,1.3709505944546687,0.0,3,normal
0,5001,17,407.0,615384.0,1512.0,468.229,1.5219280948873621,1.3709505944546687,0.0,3,normal
0,5001,6,46636.5,2098726861.0,46997.892779125796,482.031,1.5219280948873621,1.3709505944546687,0.0,3,normal
0,36240,6,40386.0,2665518.0,66.00085158555557,482.023,1.5219280948873621,1.3709505944546687,0.0,3,normal
0,5001,6,43982.5,1997134601.0,46464.03082679252,476.711,1.5219280948873621,1.3709505944546687,0.0,3,normal
0,38892,6,38004.0,2508300.0,66.00091427956787,476.71,1.5219280948873621,1.3709505944546687,0.0,3,normal
0,5001,17,392.0,592704.0,1512.0,470.238,1.5219280948873621,1.3709505944546687,0.0,3,normal
0,5001,6,57187.5,2582914067.0,46989.138473004234,484.18,1.5219280948873621,1.3709505944546687,0.0,3,normal
0,36240,6,51105.0,3372960.0,66.00085011425723,484.172,1.5219280948873621,1.3709505944546687,0.0,3,normal
0,5001,6,57587.0,2616823386.0,46459.0403219978,478.86,1.5219280948873621,1.3709505944546687,0.0,3,normal
0,38892,6,50495.0,3332724.0,66.00091511098506,478.859,1.5219280948873621,1.3709505944546687,0.0,3,normal
0,5001,17,410.0,619920.0,1512.0,472.387,1.5219280948873621,1.3709505944546687,0.0,3,normal
0,5001,6,42000.0,1888409848.0,46982.05031367785,486.184,1.5219280948873621,1.3709505944546687,0.0,3,normal
0,36240,6,38005.5,2508393.0,66.00084986402122,486.176,1.5219280948873621,1.3709505944546687,0.0,3,normal
0,5001,6,47450.0,2357461984.0,46471.950054240435,480.864,1.5219280948873621,1.3709505944546687,0.0,3,normal
0,38892,6,28743.0,1897092.0,66.00091804170995,480.863,1.5219280948873621,1.3709505944546687,0.0,3,normal
0,5001,17,419.5,634284.0,1512.0,474.391,1.5219280948873621,1.3709505944546687,0.0,3,normal
0,5001,6,27433.0,1520453806.0,47001.2887323423,488.192,1.5219280948873621,1.3709505944546687,0.0,3,normal
0,36240,6,7302.5,482079.0,66.00086153676892,488.184,1.5219280948873621,1.3709505944546687,0.0,3,normal
0,5001,6,32362.5,1778646785.0,46495.068180336806,482.872,1.5219280948873621,1.3709505944546687,0.0,3,normal
0,38892,6,8234.5,543537.0,66.00092358580285,482.871,1.5219280948873621,1.3709505944546687,0.0,3,normal
0,5001,17,466.5,705348.0,1512.0,476.399,1.5219280948873621,1.3709505944546687,0.0,3,normal
0,5001,6,32944.5,1731222057.0,47016.431344597004,490.194,1.5219280948873621,1.3709505944546687,0.0,3,normal
0,36240,6,8934.5,589719.0,66.00086524772746,490.186,1.5219280948873621,1.3709505944546687,0.0,3,normal
0,5001,6,31627.0,1481366502.0,46495.980298563765,484.874,1.5219280948873621,1.3709505944546687,0.0,3,normal
0,38892,6,18156.0,1198344.0,66.00092688131504,484.873,1.5219280948873621,1.3709505944546687,0.0,3,normal
0,5001,17,473.0,715176.0,1512.0,478.401,1.5219280948873621,1.3709505944546687,0.0,3,normal
0,5001,6,36324.5,1961854193.0,47037.410676351516,492.203,1.5219280948873621,1.3709505944546687,0.0,3,normal
0,36240,6,14503.5,957297.0,66.00087102114591,492.195,1.5219280948873621,1.3709505944546687,0.0,3,normal
0,5001,6,37811.5,1727507127.0,46493.42205703301,486.883,1.5219280948873621,1.3709505944546687,0.0,3,normal
0,38892,6,31518.5,2080275.0,66.0009294880559,486.882,1.5219280948873621,1.3709505944546687,0.0,3,normal
0,5001,17,360.0,544320.0,1512.0,480.41,1.5219280948873621,1.3709505944546687,0.0,3,normal
0,5001,6,57328.5,2598029205.0,47029.30899667116,494.264,1.5219280948873621,1.3709505944546687,0.0,3,normal
0,36240,6,49014.0,3234954.0,66.00086965743297,494.256,1.5219280948873621,1.3709505944546687,0.0,3,normal
0,5001,6,49668.5,2234879353.0,46487.22455867855,488.944,1.5219280948873621,1.3709505944546687,0.0,3,normal
0,38892,6,42336.0,2794194.0,66.0009272525557,488.943,1.5219280948873621,1.3709505944546687,0.0,3,normal
0,5001,17,499.0,754488.0,1512.0,482.471,1.5219280948873621,1.3709505944546687,0.0,3,normal
0,5001,6,74794.0,3334854908.0,47014.385640670174,496.264,1.5219280948873621,1.3709505944546687,0.0,3,normal
0,36240,6,70098.5,4626519.0,66.00086507593436,496.256,1.5219280948873621,1.3709505944546687,0.0,3,normal
0,5001,6,72815.5,3278627435.0,46478.41551261771,490.944,1.5219280948873621,1.3709505944546687,0.0,3,normal
0,38892,6,65454.5,4320033.0,66.0009246847303,490.943,1.5219280948873621,1.3709505944546687,0.0,3,normal
0,5001,17,458.0,692496.0,1512.0,484.471,1.5219280948873621,1.3709505944546687,0.0,3,normal
0,5001,6,51042.5,2259316357.0,47002.961018899245,498.345,1.5219280948873621,1.3709505944546687,0.0,3,normal
0,36240,6,47641.0,3144318.0,66.00086197635454,498.337,1.5219280948873621,1.3709505944546687,0.0,3,normal
0,5001,6,53586.5,2433189865.0,46473.680495690656,493.025,1.5219280948873621,1.3709505944546687,0.0,3,normal
0,38892,6,45126.0,2978358.0,66.00092471295369,493.024,1.5219280948873621,1.3709505944546687,0.0,3,normal
0,5001,17,438.0,662256.0,1512.0,486.552,1.5219280948873621,1.3709505944546687,0.0,3,normal
0,5001,6,37954.5,2054134865.0,47024.87445950159,500.358,1.5219280948873621,1.3709505944546687,0.0,3,normal
0,36240,6,14830.5,978951.0,66.00087524125546,500.35,1.5219280948873621,1.3709505944546687,0.0,3,normal
0,5001,6,39215.5,1754842211.0,46468.12071600945,495.038,1.5219280948873621,1.3709505944546687,0.0,3,normal
0,38892,6,36274.0,2394102.0,66.00092311019046,495.037,1.5219280948873621,1.3709505944546687,0.0,3,normal
0,5001,17,356.0,538272.0,1512.0,488.565,1.5219280948873621,1.3709505944546687,0.0,3,normal
0,5001,6,45712.0,2213203944.0,47030.014392290905,502.359,1.5219280948873621,1.3709505944546687,0.0,3,normal
0,36240,6,32358.0,2135664.0,66.00087605195121,502.351,1.5219280948873621,1.3709505944546687,0.0,3,normal
0,5001,6,45334.0,2037663960.0,46462.477138877126,497.039,1.5219280948873621,1.3709505944546687,0.0,3,normal
0,38892,6,41198.0,2719104.0,66.00092290171676,497.038,1.5219280948873621,1.3709505944546687,0.0,3,normal
0,5001,17,400.5,605556.0,1512.0,490.566,1.5219280948873621,1.3709505944546687,0.0,3,normal
0,5001,6,43695.5,1965394847.0,47022.79862141597,504.369,1.5219280948873621,1.3709505944546687,0.0,3,normal
0,36240,6,37847.5,2497965.0,66.00087572004657,504.361,1.5219280948873621,1.3709505944546687,0.0,3,normal
0,5001,6,40464.5,2334099705.0,46499.53112448763,499.049,1.5219280948873621,1.3709505944546687,0.0,3,normal
0,38892,6,8591.5,567123.0,66.00093070590842,499.048,1.5219280948873621,1.3709505944546687,0.0,3,normal
0,5001,17,488.5,738612.0,1512.0,492.576,1.5219280948873621,1.3709505944546687,0.0,3,normal
0,5001,6,52480.0,2362991876.0,47014.39758632395,506.856,1.5219280948873621,1.3709505944546687,0.0,3,normal
0,36240,6,47064.0,3106260.0,66.00087517438222,506.848,1.5219280948873621,1.3709505944546687,0.0,3,normal
0,5001,6,56830.0,3250985156.0,46548.956804618916,501.536,1.5219280948873621,1.3709505944546687,0.0,3,normal
0,38892,6,12878.0,850080.0,66.00094300206203,501.535,1.5219280948873621,1.3709505944546687,0.0,3,normal
0,5001,17,460.0,695520.0,1512.0,495.063,1.5219280948873621,1.3709505944546687,0.0,3,normal
0,5001,6,41851.5,1891053455.0,47008.278034865,508.886,1.5219280948873621,1.3709505944546687,0.0,3,normal
0,36240,6,37384.0,2467368.0,66.00087426577127,508.878,1.5219280948873621,1.3709505944546687,0.0,3,normal
0,5001,6,41420.5,1864562145.0,46543.814051500136,503.566,1.5219280948873621,1.3709505944546687,0.0,3,normal
0,38892,6,37704.5,2488515.0,66.00094121033096,503.565,1.5219280948873621,1.3709505944546687,0.0,3,normal
0,5001,17,330.0,498960.0,1512.0,497.093,1.5219280948873621,1.3709505944546687,0.0,3,normal
0,5001,6,41548.0,1874978140.0,47002.055093906136,510.889,1.5219280948873621,1.3709505944546687,0.0,3,normal
0,36240,6,34692.5,2289741.0,66.00087485456737,510.881,1.5219280948873621,1.3709505944546687,0.0,3,normal
0,5001,6,49629.5,2277381863.0,46541.18805900967,505.569,1.5219280948873621,1.3709505944546687,0.0,3,normal
0,38892,6,38688.5,2553507.0,66.00094421804198,505.568,1.5219280948873621,1.3709505944546687,0.0,3,normal
0,5001,17,531.5,803628.0,1512.0,499.096,1.5219280948873621,1.3709505944546687,0.0,3,normal
0,5001,6,36759.5,1625787251.0,46993.955018498724,512.894,1.5219280948873621,1.3709505944546687,0.0,3,normal
0,36240,6,35438.5,2338953.0,66.00087288823724,512.886,1.5219280948873621,1.3709505944546687,0.0,3,normal
0,5001,6,44417.5,2476634491.0,46574.08357986751,507.574,1.5219280948873621,1.3709505944546687,0.0,3,normal
0,38892,6,13901.5,917655.0,66.00095872210991,507.573,1.5219280948873621,1.3709505944546687,0.0,3,normal
0,5001,17,417.5,631260.0,1512.0,501.101,1.5219280948873621,1.3709505944546687,0.0,3,normal
0,5001,6,28943.0,1641684254.0,47016.26472167252,514.895,1.5219280948873621,1.3709505944546687,0.0,3,normal
0,36240,6,6877.5,453927.0,66.00087350828659,514.887,1.5219280948873621,1.3709505944546687,0.0,3,normal
0,5001,6,28640.0,1648995492.0,46599.34555122489,509.575,1.5219280948873621,1.3709505944546687,0.0,3,normal
0,38892,6,6277.0,414348.0,66.00096480740704,509.574,1.5219280948873621,1.3709505944546687,0.0,3,normal
0,5001,17,172.0,260064.0,1512.0,503.102,1.5219280948873621,1.3709505944546687,0.0,3,normal
0,5001,6,41522.5,1910695517.0,47012.98400714916,517.074,1.5219280948873621,1.3709505944546687,0.0,3,normal
0,36240,6,29897.5,1973271.0,66.00087452715464,517.066,1.5219280948873621,1.3709505944546687,0.0,3,normal
0,5001,6,43356.0,2018497432.0,46599.1966525405,511.754,1.5219280948873621,1.3709505944546687,0.0,3,normal
0,38892,6,28678.0,1892766.0,66.0009638293401,511.754,1.5219280948873621,1.3709505944546687,0.0,3,normal
0,5001,17,564.5,853524.0,1512.0,505.282,1.5219280948873621,1.3709505944546687,0.0,3,normal
0,5001,6,48736.5,2580010221.0,47035.70363499032,519.315,1.5219280948873621,1.3709505944546687,0.0,3,normal
0,36240,6,22325.0,1473510.0,66.000878689843,519.307,1.5219280948873621,1.3709505944546687,0.0,3,normal
0,5001,6,47814.5,2143596385.0,46592.46996362955,513.995,1.5219280948873621,1.3709505944546687,0.0,3,normal
0,38892,6,43908.0,2897952.0,66.0009619843465,513.994,1.5219280948873621,1.3709505944546687,0.0,3,normal
0,5001,17,482.0,728784.0,1512.0,507.522,1.5219280948873621,1.3709505944546687,0.0,3,normal
0,5001,6,54195.5,3101489619.0,47078.97896697002,521.422,1.5219280948873621,1.3709505944546687,0.0,3,normal
0,36240,6,12267.0,809640.0,66.00087943154745,521.414,1.5219280948873621,1.3709505944546687,0.0,3,normal
0,5001,6,48794.5,2193682313.0,46586.145624915815,516.102,1.5219280948873621,1.3709505944546687,0.0,3,normal
0,38892,6,44497.0,2936862.0,66.00096370829175,516.101,1.5219280948873621,1.3709505944546687,0.0,3,normal
0,5001,17,423.0,639576.0,1512.0,509.629,1.5219280948873621,1.3709505944546687,0.0,3,normal
0,5001,6,38026.0,1965116564.0,47092.64019303514,523.426,1.5219280948873621,1.3709505944546687,0.0,3,normal
0,36240,6,18337.0,1210278.0,66.00088146902071,523.418,1.5219280948873621,1.3709505944546687,0.0,3,normal
0,5001,6,40085.0,2042327574.0,46599.96919650308,518.106,1.5219280948873621,1.3709505944546687,0.0,3,normal
0,38892,6,20223.5,1334769.0,66.00096355924978,518.105,1.5219280948873621,1.3709505944546687,0.0,3,normal
0,5001,17,416.0,628992.0,1512.0,511.633,1.5219280948873621,1.3709505944546687,0.0,3,normal
0,5001,6,50014.5,2232707445.0,47083.10027205028,525.635,1.5219280948873621,1.3709505944546687,0.0,3,normal
0,36240,6,45667.0,3014058.0,66.00088103492726,525.627,1.5219280948873621,1.3709505944546687,0.0,3,normal
0,5001,6,50163.0,2562064686.0,46617.638397547365,520.315,1.5219280948873621,1.3709505944546687,0.0,3,normal
0,38892,6,29018.0,1915224.0,66.00096436133161,520.314,1.5219280948873621,1.3709505944546687,0.0,3,normal
0,5001,17,399.5,604044.0,1512.0,513.842,1.5219280948873621,1.3709505944546687,0.0,3,normal
0,5001,6,32384.0,1465198740.0,47078.47915761827,527.641,1.5219280948873621,1.3709505944546687,0.0,3,normal
0,36240,6,28921.0,1908822.0,66.00088210521379,527.633,1.5219280948873621,1.3709505944546687,0.0,3,normal
0,5001,6,32270.0,1468174664.0,46614.79797549072,522.321,1.5219280948873621,1.3709505944546687,0.0,3,normal
0,38892,6,28126.5,1856397.0,66.00096643825766,522.32,1.5219280948873621,1.3709505944546687,0.0,3,normal
0,5001,17,299.0,452088.0,1512.0,515.848,1.5219280948873621,1.3709505944546687,0.0,3,normal
0,5001,6,48225.0,2141690778.0,47068.53000341384,529.642,1.5219280948873621,1.3709505944546687,0.0,3,normal
0,36240,6,45151.5,2980029.0,66.00088110982568,529.634,1.5219280948873621,1.3709505944546687,0.0,3,normal
0,5001,6,50219.5,2273536487.0,46609.524042331854,524.322,1.5219280948873621,1.3709505944546687,0.0,3,normal
0,38892,6,44239.0,2919810.0,66.00096576922603,524.321,1.5219280948873621,1.3709505944546687,0.0,3,normal
0,5001,17,488.0,737856.0,1512.0,517.849,1.5219280948873621,1.3709505944546687,0.0,3,normal
0,5001,6,25483.0,1153219726.0,47064.9625418116,531.647,1.5219280948873621,1.3709505944546687,0.0,3,normal
0,36240,6,20740.0,1368888.0,66.00088411405314,531.639,1.5219280948873621,1.3709505944546687,0.0,3,normal
0,5001,6,22660.5,1040242349.0,46608.27862737106,526.327,1.5219280948873621,1.3709505944546687,0.0,3,normal
0,38892,6,18161.5,1198677.0,66.00096581472671,526.326,1.5219280948873621,1.3709505944546687,0.0,3,normal
0,5001,17,313.5,474012.0,1512.0,519.854,1.5219280948873621,1.3709505944546687,0.0,3,normal
0,5001,6,23837.0,1141491206.0,47066.472613198384,533.889,1.5219280948873621,1.3709505944546687,0.0,3,normal
0,36240,6,17953.5,1185009.0,66.00089038153394,533.881,1.5219280948873621,1.3709505944546687,0.0,3,normal
0,5001,6,24290.5,1166104465.0,46610.92530173881,528.569,1.5219280948873621,1.3709505944546687,0.0,3,normal
0,38892,6,17869.0,1179402.0,66.00096884897859,528.568,1.5219280948873621,1.3709505944546687,0.0,3,normal
0,5001,17,356.5,539028.0,1512.0,522.096,1.5219280948873621,1.3709505944546687,0.0,3,normal
0,5001,6,36838.5,1908799733.0,47079.91021379192,535.895,1.5219280948873621,1.3709505944546687,0.0,3,normal
0,36240,6,15958.0,1053240.0,66.00089015907389,535.887,1.5219280948873621,1.3709505944546687,0.0,3,normal
0,5001,6,35433.5,1885398203.0,46629.09387303135,530.575,1.5219280948873621,1.3709505944546687,0.0,3,normal
0,38892,6,13873.5,915681.0,66.00097048110128,530.574,1.5219280948873621,1.3709505944546687,0.0,3,normal
0,5001,17,420.5,635796.0,1512.0,524.102,1.5219280948873621,1.3709505944546687,0.0,3,normal
0,5001,6,32723.0,1492547858.0,47076.228801971934,537.898,1.5219280948873621,1.3709505944546687,0.0,3,normal
0,36240,6,27120.0,1789932.0,66.00088893955788,537.89,1.5219280948873621,1.3709505944546687,0.0,3,normal
0,5001,6,31815.0,1433276870.0,46625.200472220975,532.578,1.5219280948873621,1.3709505944546687,0.0,3,normal
0,38892,6,27926.0,1843146.0,66.00097076599542,532.577,1.5219280948873621,1.3709505944546687,0.0,3,normal
0,5001,17,464.5,702324.0,1512.0,526.105,1.5219280948873621,1.3709505944546687,0.0,3,normal
0,5001,6,34385.5,1788545847.0,47089.20506083183,539.899,1.5219280948873621,1.3709505944546687,0.0,3,normal
0,36240,6,16126.0,1064334.0,66.00088930709008,539.891,1.5219280948873621,1.3709505944546687,0.0,3,normal
0,5001,6,29919.0,1348657870.0,46621.61817197406,534.579,1.5219280948873621,1.3709505944546687,0.0,3,normal
0,38892,6,26304.5,1736121.0,66.00097061545058,534.578,1.5219280948873621,1.3709505944546687,0.0,3,normal
0,5001,17,399.5,604044.0,1512.0,528.106,1.5219280948873621,1.3709505944546687,0.0,3,normal
0,5001,6,18222.0,970046476.0,47097.75098850485,541.906,1.5219280948873621,1.3709505944546687,0.0,3,normal
0,36240,6,8046.0,531072.0,66.00089219737623,541.898,1.5219280948873621,1.3709505944546687,0.0,3,normal
0,5001,6,23597.0,1098881070.0,46621.521736176896,536.586,1.5219280948873621,1.3709505944546687,0.0,3,normal
0,38892,6,18785.5,1239867.0,66.00097117977057,536.585,1.5219280948873621,1.3709505944546687,0.0,3,normal
0,5001,17,228.5,345492.0,1512.0,530.113,1.5219280948873621,1.3709505944546687,0.0,3,normal
0,5001,6,30640.0,1409756576.0,47095.214324053086,543.91,1.5219280948873621,1.3709505944546687,0.0,3,normal
0,36240,6,25293.5,1669413.0,66.00089413969688,543.902,1.5219280948873621,1.3709505944546687,0.0,3,normal
0,5001,6,34325.0,1588044186.0,46620.579404786404,538.59,1.5219280948873621,1.3709505944546687,0.0,3,normal
0,38892,6,28038.0,1850556.0,66.00097320680278,538.589,1.5219280948873621,1.3709505944546687,0.0,3,normal
0,5001,17,443.5,670572.0,1512.0,532.117,1.5219280948873621,1.3709505944546687,0.0,3,normal
0,5001,6,17570.5,818853525.0,47094.557943870765,545.912,1.5219280948873621,1.3709505944546687,0.0,3,normal
0,36240,6,12478.0,823566.0,66.00089482278536,545.904,1.5219280948873621,1.3709505944546687,0.0,3,normal
0,5001,6,25467.5,1193850715.0,46621.0820238606,540.592,1.5219280948873621,1.3709505944546687,0.0,3,normal
0,38892,6,17231.0,1137294.0,66.00097624961046,540.591,1.5219280948873621,1.3709505944546687,0.0,3,normal
0,5001,17,357.5,540540.0,1512.0,534.119,1.5219280948873621,1.3709505944546687,0.0,3,normal
0,5001,6,65301.0,2917520386.0,47082.61925613,547.913,1.5219280948873621,1.3709505944546687,0.0,3,normal
0,36240,6,56745.0,3745212.0,66.00089395159262,547.905,1.5219280948873621,1.3709505944546687,0.0,3,normal
0,5001,6,65024.5,2926676421.0,46613.066461361595,542.593,1.5219280948873621,1.3709505944546687,0.0,3,normal
0,38892,6,54793.0,3616374.0,66.00097455444734,542.592,1.5219280948873621,1.3709505944546687,0.0,3,normal
0,5001,17,528.5,799092.0,1512.0,536.12,1.5219280948873621,1.3709505944546687,0.0,3,normal
0,5001,6,36216.0,1663138032.0,47079.449907560906,549.914,1.5219280948873621,1.3709505944546687,0.0,3,normal
0,36240,6,14518.5,958245.0,66.00089504399865,549.906,1.5219280948873621,1.3709505944546687,0.0,3,normal
0,5001,6,31179.0,1431922334.0,46611.43213234955,544.594,1.5219280948873621,1.3709505944546687,0.0,3,normal
0,38892,6,12645.5,834603.0,66.00097336158302,544.593,1.5219280948873621,1.3709505944546687,0.0,3,normal
0,5001,17,705.5,1066716.0,1512.0,538.121,1.5219280948873621,1.3709505944546687,0.0,3,normal
0,5001,6,40746.5,2023722513.0,47087.37791170676,551.921,1.5219280948873621,1.3709505944546687,0.0,3,normal
0,36240,6,22104.0,1458876.0,66.00089427413835,551.913,1.5219280948873621,1.3709505944546687,0.0,3,normal
0,5001,6,26722.0,1190194200.0,46607.21833932228,546.601,1.5219280948873621,1.3709505944546687,0.0,3,normal
0,38892,6,25166.5,1660995.0,66.00097157561959,546.6,1.5219280948873621,1.3709505944546687,0.0,3,normal
0,5001,17,413.5,625212.0,1512.0,540.128,1.5219280948873621,1.3709505944546687,0.0,3,normal
0,5001,6,50049.0,2247489078.0,47079.19582811308,553.93,1.5219280948873621,1.3709505944546687,0.0,3,normal
0,36240,6,45728.0,3018084.0,66.00089379235219,553.922,1.5219280948873621,1.3709505944546687,0.0,3,normal
0,5001,6,51711.0,2342330466.0,46602.07943415132,548.61,1.5219280948873621,1.3709505944546687,0.0,3,normal
0,38892,6,45810.0,3023490.0,66.00097018092403,548.609,1.5219280948873621,1.3709505944546687,0.0,3,normal
0,5001,17,435.5,658476.0,1512.0,542.137,1.5219280948873621,1.3709505944546687,0.0,3,normal
0,5001,6,32834.5,1474174457.0,47073.8400109617,555.931,1.5219280948873621,1.3709505944546687,0.0,3,normal
0,36240,6,27750.0,1831536.0,66.00089489179679,555.923,1.5219280948873621,1.3709505944546687,0.0,3,normal
0,5001,6,29988.0,1384331016.0,46601.082954242076,550.611,1.5219280948873621,1.3709505944546687,0.0,3,normal
0,38892,6,22504.5,1485309.0,66.00096923764049,550.61,1.5219280948873621,1.3709505944546687,0.0,3,normal
0,5001,17,379.0,573048.0,1512.0,544.138,1.5219280948873621,1.3709505944546687,0.0,3,normal
0,5001,6,48807.0,2197926194.0,47066.42123389406,558.161,1.5219280948873621,1.3709505944546687,0.0,3,normal
0,36240,6,42351.5,2795229.0,66.00089411931741,558.153,1.5219280948873621,1.3709505944546687,0.0,3,normal
0,5001,6,45744.5,2083921669.0,46597.47770205514,552.841,1.5219280948873621,1.3709505944546687,0.0,3,normal
0,38892,6,38438.0,2536950.0,66.00096969108468,552.84,1.5219280948873621,1.3709505944546687,0.0,3,normal
0,5001,17,469.0,709128.0,1512.0,546.368,1.5219280948873621,1.3709505944546687,0.0,3,normal
0,5001,6,44182.5,2275641145.0,47080.98114373199,560.219,1.5219280948873621,1.3709505944546687,0.0,3,normal
0,36240,6,21422.0,1413888.0,66.00089576312823,560.211,1.5219280948873621,1.3709505944546687,0.0,3,normal
0,5001,6,34745.5,1593771995.0,46595.576780433476,554.899,1.5219280948873621,1.3709505944546687,0.0,3,normal
0,38892,6,29290.0,1933164.0,66.00096927151954,554.898,1.5219280948873621,1.3709505944546687,0.0,3,normal
0,5001,17,428.0,647136.0,1512.0,548.426,1.5219280948873621,1.3709505944546687,0.0,3,normal
0,5001,6,47701.5,2132318511.0,47072.58394159126,562.377,1.5219280948873621,1.3709505944546687,0.0,3,normal
0,36240,6,44423.0,2931954.0,66.00089539466346,562.369,1.5219280948873621,1.3709505944546687,0.0,3,normal
0,5001,6,48336.5,2168534797.0,46589.30352303066,557.057,1.5219280948873621,1.3709505944546687,0.0,3,normal
0,38892,6,44325.5,2925507.0,66.00096747177484,557.056,1.5219280948873621,1.3709505944546687,0.0,3,normal
0,5001,17,411.0,621432.0,1512.0,550.584,1.5219280948873621,1.3709505944546687,0.0,3,normal
0,5001,6,45743.5,2052985871.0,47065.19088499893,564.385,1.5219280948873621,1.3709505944546687,0.0,3,normal
0,36240,6,40287.5,2658999.0,66.00089422624534,564.377,1.5219280948873621,1.3709505944546687,0.0,3,normal
0,5001,6,49163.0,2232291566.0,46584.96077250584,559.065,1.5219280948873621,1.3709505944546687,0.0,3,normal
0,38892,6,41567.5,2743497.0,66.00096764048016,559.064,1.5219280948873621,1.3709505944546687,0.0,3,normal
0,5001,17,435.5,658476.0,1512.0,552.592,1.5219280948873621,1.3709505944546687,0.0,3,normal
0,5001,6,30851.5,1453925263.0,47065.33016836796,566.386,1.5219280948873621,1.3709505944546687,0.0,3,normal
0,36240,6,16388.0,1081662.0,66.00089802797636,566.378,1.5219280948873621,1.3709505944546687,0.0,3,normal
0,5001,6,32165.0,1517809350.0,46586.40573013541,561.066,1.5219280948873621,1.3709505944546687,0.0,3,normal
0,38892,6,15323.5,1011381.0,66.00096907269533,561.065,1.5219280948873621,1.3709505944546687,0.0,3,normal
0,5001,17,565.5,855036.0,1512.0,554.593,1.5219280948873621,1.3709505944546687,0.0,3,normal
0,5001,6,28557.5,1432800911.0,47071.84345932916,568.387,1.5219280948873621,1.3709505944546687,0.0,3,normal
0,36240,6,8608.0,568176.0,66.00090191578904,568.379,1.5219280948873621,1.3709505944546687,0.0,3,normal
0,5001,6,26147.5,1249863183.0,46588.76509083071,563.067,1.5219280948873621,1.3709505944546687,0.0,3,normal
0,38892,6,11161.5,736713.0,66.00097314478715,563.066,1.5219280948873621,1.3709505944546687,0.0,3,normal
0,5001,17,559.5,845964.0,1512.0,556.594,1.5219280948873621,1.3709505944546687,0.0,3,normal
0,5001,6,47025.0,2093702774.0,47063.07626777934,570.388,1.5219280948873621,1.3709505944546687,0.0,3,normal
0,36240,6,43041.5,2840745.0,66.00089876033952,570.38,1.5219280948873621,1.3709505944546687,0.0,3,normal
0,5001,6,48252.0,2184521116.0,46584.06399403639,565.068,1.5219280948873621,1.3709505944546687,0.0,3,normal
0,38892,6,42069.5,2776617.0,66.00097211728131,565.067,1.5219280948873621,1.3709505944546687,0.0,3,normal
0,5001,17,416.5,629748.0,1512.0,558.595,1.5219280948873621,1.3709505944546687,0.0,3,normal
0,5001,6,55784.5,2500802053.0,47053.99956564642,572.637,1.5219280948873621,1.3709505944546687,0.0,3,normal
0,36240,6,51242.5,3382035.0,66.00089722433063,572.629,1.5219280948873621,1.3709505944546687,0.0,3,normal
0,5001,6,52836.0,2372715472.0,46577.52816330228,567.317,1.5219280948873621,1.3709505944546687,0.0,3,normal
0,38892,6,48384.5,3193419.0,66.00097164647327,567.316,1.5219280948873621,1.3709505944546687,0.0,3,normal
0,5001,17,410.5,620676.0,1512.0,560.844,1.5219280948873621,1.3709505944546687,0.0,3,normal
0,5001,6,37727.0,1723731518.0,47050.25972227364,574.64,1.5219280948873621,1.3709505944546687,0.0,3,normal
0,36240,6,32405.5,2138799.0,66.00089788482028,574.632,1.5219280948873621,1.3709505944546687,0.0,3,normal
0,5001,6,37920.0,1746157156.0,46576.05231093786,569.32,1.5219280948873621,1.3709505944546687,0.0,3,normal
0,38892,6,31265.0,2063520.0,66.00097161118435,569.319,1.5219280948873621,1.3709505944546687,0.0,3,normal
0,5001,17,377.5,570780.0,1512.0,562.847,1.5219280948873621,1.3709505944546687,0.0,3,normal
0,5001,6,42339.0,1890035514.0,47042.86990068709,576.688,1.5219280948873621,1.3709505944546687,0.0,3,normal
0,36240,6,39570.0,2611638.0,66.00089621920351,576.68,1.5219280948873621,1.3709505944546687,0.0,3,normal
0,5001,6,43508.0,1956631860.0,46570.93413898495,571.368,1.5219280948873621,1.3709505944546687,0.0,3,normal
0,38892,6,39598.0,2613474.0,66.00096859488073,571.367,1.5219280948873621,1.3709505944546687,0.0,3,normal
0,5001,17,366.5,554148.0,1512.0,564.895,1.5219280948873621,1.3709505944546687,0.0,3,normal
0,5001,6,41462.5,2219768501.0,47062.31385403165,578.689,1.5219280948873621,1.3709505944546687,0.0,3,normal
0,36240,6,14124.5,932283.0,66.00090128085218,578.681,1.5219280948873621,1.3709505944546687,0.0,3,normal
0,5001,6,35196.0,1629365076.0,46570.22136599777,573.369,1.5219280948873621,1.3709505944546687,0.0,3,normal
0,38892,6,27044.5,1784985.0,66.00097061512734,573.368,1.5219280948873621,1.3709505944546687,0.0,3,normal
0,5001,17,492.5,744660.0,1512.0,566.896,1.5219280948873621,1.3709505944546687,0.0,3,normal
0,5001,6,30988.0,1771680436.0,47084.88904729354,580.693,1.5219280948873621,1.3709505944546687,0.0,3,normal
0,36240,6,7058.5,465975.0,66.00091148799181,580.685,1.5219280948873621,1.3709505944546687,0.0,3,normal
0,5001,6,30609.5,1749716511.0,46593.88175458365,575.373,1.5219280948873621,1.3709505944546687,0.0,3,normal
0,38892,6,6979.5,460701.0,66.00097498781265,575.372,1.5219280948873621,1.3709505944546687,0.0,3,normal
0,5001,17,276.0,417312.0,1512.0,568.9,1.5219280948873621,1.3709505944546687,0.0,3,normal
0,5001,6,32369.5,1850630087.0,47108.36076428702,582.774,1.5219280948873621,1.3709505944546687,0.0,3,normal
0,36240,6,7381.5,487179.0,66.00091085042034,582.766,1.5219280948873621,1.3709505944546687,0.0,3,normal
0,5001,6,26818.5,1453702801.0,46608.74869365624,577.454,1.5219280948873621,1.3709505944546687,0.0,3,normal
0,38892,6,10382.5,685305.0,66.00097960157781,577.453,1.5219280948873621,1.3709505944546687,0.0,3,normal
0,5001,17,270.0,408240.0,1512.0,570.981,1.5219280948873621,1.3709505944546687,0.0,3,normal
0,5001,6,44786.0,2543901696.0,47139.46655095386,584.778,1.5219280948873621,1.3709505944546687,0.0,3,normal
0,36240,6,10335.0,682158.0,66.0009145033558,584.77,1.5219280948873621,1.3709505944546687,0.0,3,normal
0,5001,6,32293.0,1468735038.0,46606.10371440812,579.458,1.5219280948873621,1.3709505944546687,0.0,3,normal
0,38892,6,27377.0,1806924.0,66.00098100235245,579.457,1.5219280948873621,1.3709505944546687,0.0,3,normal
0,5001,17,413.0,624456.0,1512.0,572.985,1.5219280948873621,1.3709505944546687,0.0,3,normal
0,5001,6,61550.5,2867466185.0,47137.04159119184,586.786,1.5219280948873621,1.3709505944546687,0.0,3,normal
0,36240,6,51095.0,3372372.0,66.00091971085354,586.778,1.5219280948873621,1.3709505944546687,0.0,3,normal
0,5001,6,62215.0,2919052274.0,46607.51087982652,581.466,1.5219280948873621,1.3709505944546687,0.0,3,normal
0,38892,6,49756.0,3283938.0,66.00098037680398,581.465,1.5219280948873621,1.3709505944546687,0.0,3,normal
0,5001,17,480.5,726516.0,1512.0,574.993,1.5219280948873621,1.3709505944546687,0.0,3,normal
0,5001,6,120771.5,5361545135.0,47113.6109193583,588.796,1.5219280948873621,1.3709505944546687,0.0,3,normal
0,36240,6,115098.0,7596510.0,66.00091375922025,588.788,1.5219280948873621,1.3709505944546687,0.0,3,normal
0,5001,6,118760.0,5303741536.0,46590.91759998273,583.476,1.5219280948873621,1.3709505944546687,0.0,3,normal
0,38892,6,110901.5,7319547.0,66.00097485559917,583.475,1.5219280948873621,1.3709505944546687,0.0,3,normal
0,5001,17,464.0,701568.0,1512.0,577.003,1.5219280948873621,1.3709505944546687,0.0,3,normal
0,5001,6,89724.0,3989073456.0,47096.87276419772,590.799,1.5219280948873621,1.3709505944546687,0.0,3,normal
0,36240,6,85076.5,5615097.0,66.00091100923031,590.791,1.5219280948873621,1.3709505944546687,0.0,3,normal
0,5001,6,83672.0,3740977164.0,46579.69798949245,585.479,1.5219280948873621,1.3709505944546687,0.0,3,normal
0,38892,6,77872.5,5139597.0,66.0009690852856,585.478,1.5219280948873621,1.3709505944546687,0.0,3,normal
0,5001,17,408.0,616896.0,1512.0,579.006,1.5219280948873621,1.3709505944546687,0.0,3,normal
0,5001,6,35820.5,1614356809.0,47091.777535858026,592.802,1.5219280948873621,1.3709505944546687,0.0,3,normal
0,36240,6,31036.5,2048439.0,66.00091116832627,592.794,1.5219280948873621,1.3709505944546687,0.0,3,normal
0,5001,6,35033.5,1593866531.0,46576.99687446854,587.482,1.5219280948873621,1.3709505944546687,0.0,3,normal
0,38892,6,29069.5,1918617.0,66.00096924999464,587.481,1.5219280948873621,1.3709505944546687,0.0,3,normal
0,5001,17,393.5,594972.0,1512.0,581.009,1.5219280948873621,1.3709505944546687,0.0,3,normal
0,5001,6,42069.5,2183888375.0,47105.950914011686,594.805,1.5219280948873621,1.3709505944546687,0.0,3,normal
0,36240,6,20928.5,1381461.0,66.00092597833034,594.797,1.5219280948873621,1.3709505944546687,0.0,3,normal
0,5001,6,38458.0,1717412040.0,46571.75976498499,589.485,1.5219280948873621,1.3709505944546687,0.0,3,normal
0,38892,6,34948.5,2306625.0,66.00096836368932,589.484,1.5219280948873621,1.3709505944546687,0.0,3,normal
0,5001,17,415.5,628236.0,1512.0,583.012,1.5219280948873621,1.3709505944546687,0.0,3,normal
0,5001,6,42148.0,2420486744.0,47136.273477572555,596.812,1.5219280948873621,1.3709505944546687,0.0,3,normal
0,36240,6,9326.0,615660.0,66.00093842485673,596.804,1.5219280948873621,1.3709505944546687,0.0,3,normal
0,5001,6,39621.0,1784262594.0,46567.44884719364,591.492,1.5219280948873621,1.3709505944546687,0.0,3,normal
0,38892,6,35908.5,2370003.0,66.00096901036841,591.491,1.5219280948873621,1.3709505944546687,0.0,3,normal
0,5001,17,353.5,534492.0,1512.0,585.019,1.5219280948873621,1.3709505944546687,0.0,3,normal
0,5001,6,38011.5,2184095439.0,47163.54842404152,598.907,1.5219280948873621,1.3709505944546687,0.0,3,normal
0,36240,6,8391.5,553947.0,66.00094762410635,598.899,1.5219280948873621,1.3709505944546687,0.0,3,normal
0,5001,6,40935.5,2140453563.0,46583.963201593,593.587,1.5219280948873621,1.3709505944546687,0.0,3,normal
0,38892,6,20278.5,1338405.0,66.00096939887133,593.586,1.5219280948873621,1.3709505944546687,0.0,3,normal
0,5001,17,325.0,491400.0,1512.0,587.114,1.5219280948873621,1.3709505944546687,0.0,3,normal
0,5001,6,43981.0,1982134022.0,47157.16126640717,600.908,1.5219280948873621,1.3709505944546687,0.0,3,normal
0,36240,6,40206.0,2653614.0,66.00094578415022,600.9,1.5219280948873621,1.3709505944546687,0.0,3,normal
0,5001,6,49948.5,2283188741.0,46580.89875164881,595.588,1.5219280948873621,1.3709505944546687,0.0,3,normal
0,38892,6,43110.5,2845341.0,66.00096995126222,595.587,1.5219280948873621,1.3709505944546687,0.0,3,normal
0,5001,17,439.0,663768.0,1512.0,589.115,1.5219280948873621,1.3709505944546687,0.0,3,normal
0,5001,6,36899.0,1671868662.0,47152.448166808506,602.915,1.5219280948873621,1.3709505944546687,0.0,3,normal
0,36240,6,32769.0,2162772.0,66.00094459839167,602.907,1.5219280948873621,1.3709505944546687,0.0,3,normal
0,5001,6,37885.0,1707225286.0,46576.86957517822,597.595,1.5219280948873621,1.3709505944546687,0.0,3,normal
0,38892,6,34175.0,2255580.0,66.00096967202609,597.594,1.5219280948873621,1.3709505944546687,0.0,3,normal
0,5001,17,350.0,529200.0,1512.0,591.122,1.5219280948873621,1.3709505944546687,0.0,3,normal
0,5001,6,37219.5,1706786739.0,47149.124685884315,604.922,1.5219280948873621,1.3709505944546687,0.0,3,normal
0,36240,6,29792.5,1966317.0,66.00094312918284,604.914,1.5219280948873621,1.3709505944546687,0.0,3,normal
0,5001,6,41541.5,1900570051.0,46574.47252202198,599.602,1.5219280948873621,1.3709505944546687,0.0,3,normal
0,38892,6,31836.0,2101218.0,66.00097065643848,599.601,1.5219280948873621,1.3709505944546687,0.0,3,normal
0,5001,17,521.5,788508.0,1512.0,593.129,1.5219280948873621,1.3709505944546687,0.0,3,normal
0,5001,6,47883.5,2163164591.0,47142.63065050978,607.147,1.5219280948873621,1.3709505944546687,0.0,3,normal
0,36240,6,42780.5,2823567.0,66.00094436698376,607.139,1.5219280948873621,1.3709505944546687,0.0,3,normal
0,5001,6,51108.5,2304263197.0,46569.174483961084,601.827,1.5219280948873621,1.3709505944546687,0.0,3,normal
0,38892,6,45787.5,3022005.0,66.00096938401786,601.826,1.5219280948873621,1.3709505944546687,0.0,3,normal
0,5001,17,379.5,573804.0,1512.0,595.354,1.5219280948873621,1.3709505944546687,0.0,3,normal
0,5001,6,34362.5,1549740349.0,47137.81801802142,609.225,1.5219280948873621,1.3709505944546687,0.0,3,normal
0,36240,6,30996.0,2045778.0,66.00094551777066,609.217,1.5219280948873621,1.3709505944546687,0.0,3,normal
0,5001,6,34066.5,1615509433.0,46571.19319408435,603.905,1.5219280948873621,1.3709505944546687,0.0,3,normal
0,38892,6,26139.5,1725231.0,66.00096926631251,603.904,1.5219280948873621,1.3709505944546687,0.0,3,normal
0,5001,17,344.5,520884.0,1512.0,597.432,1.5219280948873621,1.3709505944546687,0.0,3,normal
0,5001,6,51822.5,2295546373.0,47127.75841995671,611.228,1.5219280948873621,1.3709505944546687,0.0,3,normal
0,36240,6,49779.0,3285462.0,66.00094560175252,611.22,1.5219280948873621,1.3709505944546687,0.0,3,normal
0,5001,6,51260.5,2987887037.0,46612.767775968205,605.908,1.5219280948873621,1.3709505944546687,0.0,3,normal
0,38892,6,10678.5,704907.0,66.00097942139412,605.907,1.5219280948873621,1.3709505944546687,0.0,3,normal
0,5001,17,426.0,644112.0,1512.0,599.435,1.5219280948873621,1.3709505944546687,0.0,3,normal
0,5001,6,31471.5,1420052319.0,47123.45502117089,613.238,1.5219280948873621,1.3709505944546687,0.0,3,normal
0,36240,6,28304.5,1868151.0,66.00094804685291,613.23,1.5219280948873621,1.3709505944546687,0.0,3,normal
0,5001,6,33817.0,1976759106.0,46640.42212241986,607.918,1.5219280948873621,1.3709505944546687,0.0,3,normal
0,38892,6,6967.5,459915.0,66.0009840878592,607.917,1.5219280948873621,1.3709505944546687,0.0,3,normal
0,5001,17,330.0,498960.0,1512.0,601.445,1.5219280948873621,1.3709505944546687,0.0,3,normal
0,5001,6,43860.5,1950124497.0,47115.521184888996,615.244,1.5219280948873621,1.3709505944546687,0.0,3,normal
0,36240,6,41447.0,2735532.0,66.0009472155842,615.236,1.5219280948873621,1.3709505944546687,0.0,3,normal
0,5001,6,48848.5,2854582725.0,46680.083840419604,609.924,1.5219280948873621,1.3709505944546687,0.0,3,normal
0,38892,6,10082.0,665436.0,66.00098532222351,609.923,1.5219280948873621,1.3709505944546687,0.0,3,normal
0,5001,17,372.5,563220.0,1512.0,603.451,1.5219280948873621,1.3709505944546687,0.0,3,normal
0,5001,6,39707.0,1776119010.0,47109.10240729435,617.462,1.5219280948873621,1.3709505944546687,0.0,3,normal
0,36240,6,36806.0,2429226.0,66.0009467820243,617.454,1.5219280948873621,1.3709505944546687,0.0,3,normal
0,5001,6,44033.0,2572710854.0,46715.57584626241,612.142,1.5219280948873621,1.3709505944546687,0.0,3,normal
0,38892,6,9092.0,600210.0,66.00099662727173,612.141,1.5219280948873621,1.3709505944546687,0.0,3,normal
0,5001,17,435.5,658476.0,1512.0,605.669,1.5219280948873621,1.3709505944546687,0.0,3,normal
0,5001,6,31245.0,1424279626.0,47105.87979462627,619.649,1.5219280948873621,1.3709505944546687,0.0,3,normal
0,36240,6,27072.5,1786803.0,66.0009461032849,619.641,1.5219280948873621,1.3709505944546687,0.0,3,normal
0,5001,6,35560.0,2079385860.0,46744.20032839644,614.329,1.5219280948873621,1.3709505944546687,0.0,3,normal
0,38892,6,7320.5,483195.0,66.00099966568371,614.328,1.5219280948873621,1.3709505944546687,0.0,3,normal
0,5001,17,317.5,480060.0,1512.0,607.856,1.5219280948873621,1.3709505944546687,0.0,3,normal
0,5001,6,52312.5,2327017745.0,47096.63186152236,621.863,1.5219280948873621,1.3709505944546687,0.0,3,normal
0,36240,6,49560.5,3271035.0,66.00094567035278,621.855,1.5219280948873621,1.3709505944546687,0.0,3,normal
0,5001,6,55681.0,3254341834.0,46788.63159651174,616.543,1.5219280948873621,1.3709505944546687,0.0,3,normal
0,38892,6,11484.0,758070.0,66.0010096820232,616.542,1.5219280948873621,1.3709505944546687,0.0,3,normal
0,5001,17,509.0,769608.0,1512.0,610.07,1.5219280948873621,1.3709505944546687,0.0,3,normal
0,5001,6,32563.0,1497607318.0,47094.21073532375,623.865,1.5219280948873621,1.3709505944546687,0.0,3,normal
0,36240,6,27437.5,1810935.0,66.000948678314,623.857,1.5219280948873621,1.3709505944546687,0.0,3,normal
0,5001,6,35116.0,1885128088.0,46805.10091701554,618.545,1.5219280948873621,1.3709505944546687,0.0,3,normal
0,38892,6,14152.5,934089.0,66.00101053028817,618.544,1.5219280948873621,1.3709505944546687,0.0,3,normal
0,5001,17,317.0,479304.0,1512.0,612.072,1.5219280948873621,1.3709505944546687,0.0,3,normal
0,5001,6,30902.0,1471097580.0,47095.270609812665,625.868,1.5219280948873621,1.3709505944546687,0.0,3,normal
0,36240,6,12894.0,851052.0,66.00095183413134,625.86,1.5219280948873621,1.3709505944546687,0.0,3,normal
0,5001,6,27585.0,1298321714.0,46805.59000062061,620.548,1.5219280948873621,1.3709505944546687,0.0,3,normal
0,38892,6,12196.0,804960.0,66.00101154913007,620.547,1.5219280948873621,1.3709505944546687,0.0,3,normal
0,5001,17,568.5,859572.0,1512.0,614.075,1.5219280948873621,1.3709505944546687,0.0,3,normal
0,5001,6,38878.5,2112430797.0,47114.10968483877,627.896,1.5219280948873621,1.3709505944546687,0.0,3,normal
0,36240,6,12531.5,827121.0,66.00095448448627,627.888,1.5219280948873621,1.3709505944546687,0.0,3,normal
0,5001,6,28797.0,1282245578.0,46801.14344081406,622.576,1.5219280948873621,1.3709505944546687,0.0,3,normal
0,38892,6,26496.0,1748742.0,66.0010097380784,622.575,1.5219280948873621,1.3709505944546687,0.0,3,normal
0,5001,17,472.5,714420.0,1512.0,616.103,1.5219280948873621,1.3709505944546687,0.0,3,normal
0,5001,6,52902.5,2837277217.0,47137.11027261514,629.897,1.5219280948873621,1.3709505944546687,0.0,3,normal
0,36240,6,21968.5,1449969.0,66.00095686225181,629.889,1.5219280948873621,1.3709505944546687,0.0,3,normal
0,5001,6,46173.0,2084572634.0,46795.98374223207,624.577,1.5219280948873621,1.3709505944546687,0.0,3,normal
0,38892,6,40661.5,2683701.0,66.00100981984735,624.576,1.5219280948873621,1.3709505944546687,0.0,3,normal
0,5001,17,446.0,674352.0,1512.0,618.104,1.5219280948873621,1.3709505944546687,0.0,3,normal
0,5001,6,30838.5,1419385481.0,47134.83024605131,631.9,1.5219280948873621,1.3709505944546687,0.0,3,normal
0,36240,6,20398.0,1346298.0,66.00095778262259,631.892,1.5219280948873621,1.3709505944546687,0.0,3,normal
0,5001,6,32059.0,1488246590.0,46795.175775281314,626.58,1.5219280948873621,1.3709505944546687,0.0,3,normal
0,38892,6,19409.0,1281066.0,66.00101435816535,626.579,1.5219280948873621,1.3709505944546687,0.0,3,normal
0,5001,17,595.5,900396.0,1512.0,620.107,1.5219280948873621,1.3709505944546687,0.0,3,normal
0,5001,6,33167.5,1498377779.0,47130.5152213628,633.905,1.5219280948873621,1.3709505944546687,0.0,3,normal
0,36240,6,29734.5,1962495.0,66.00095686488815,633.897,1.5219280948873621,1.3709505944546687,0.0,3,normal
0,5001,6,31675.5,1435658951.0,46792.04104980416,628.585,1.5219280948873621,1.3709505944546687,0.0,3,normal
0,38892,6,28037.5,1850493.0,66.00101345615765,628.584,1.5219280948873621,1.3709505944546687,0.0,3,normal
0,5001,17,309.5,467964.0,1512.0,622.112,1.5219280948873621,1.3709505944546687,0.0,3,normal
0,5001,6,34470.0,1547189668.0,47125.386185725976,635.911,1.5219280948873621,1.3709505944546687,0.0,3,normal
0,36240,6,30517.5,2014179.0,66.0009564106041,635.903,1.5219280948873621,1.3709505944546687,0.0,3,normal
0,5001,6,51459.0,2779735974.0,46816.9687462576,630.591,1.5219280948873621,1.3709505944546687,0.0,3,normal
0,38892,6,18588.0,1226886.0,66.00101855946811,630.59,1.5219280948873621,1.3709505944546687,0.0,3,normal
0,5001,17,459.5,694764.0,1512.0,624.118,1.5219280948873621,1.3709505944546687,0.0,3,normal
0,5001,6,34136.0,1579088488.0,47123.43017876021,637.911,1.5219280948873621,1.3709505944546687,0.0,3,normal
0,36240,6,28115.5,1855683.0,66.00095929546414,637.903,1.5219280948873621,1.3709505944546687,0.0,3,normal
0,5001,6,35183.5,1629519603.0,46815.787355644236,632.591,1.5219280948873621,1.3709505944546687,0.0,3,normal
0,38892,6,28527.0,1882830.0,66.00102018953015,632.59,1.5219280948873621,1.3709505944546687,0.0,3,normal
0,5001,17,329.0,497448.0,1512.0,626.118,1.5219280948873621,1.3709505944546687,0.0,3,normal
0,5001,6,46212.0,2079889144.0,47116.98495792544,639.914,1.5219280948873621,1.3709505944546687,0.0,3,normal
0,36240,6,41810.0,2759496.0,66.00095893882299,639.906,1.5219280948873621,1.3709505944546687,0.0,3,normal
0,5001,6,47489.5,2180107531.0,46812.91071035784,634.594,1.5219280948873621,1.3709505944546687,0.0,3,normal
0,38892,6,39966.0,2637816.0,66.0010218383211,634.593,1.5219280948873621,1.3709505944546687,0.0,3,normal
0,5001,17,421.0,636552.0,1512.0,628.121,1.5219280948873621,1.3709505944546687,0.0,3,normal
0,5001,6,42501.0,2248957990.0,47133.183932687614,641.917,1.5219280948873621,1.3709505944546687,0.0,3,normal
0,36240,6,14256.5,940989.0,66.00096295581133,641.909,1.5219280948873621,1.3709505944546687,0.0,3,normal
0,5001,6,29106.0,1311144064.0,46809.49126678994,636.597,1.5219280948873621,1.3709505944546687,0.0,3,normal
0,38892,6,25719.5,1697517.0,66.0010221565218,636.596,1.5219280948873621,1.3709505944546687,0.0,3,normal
0,5001,17,500.0,756000.0,1512.0,630.124,1.5219280948873621,1.3709505944546687,0.0,3,normal
0,5001,6,42594.0,2415166640.0,47159.89998132846,643.921,1.5219280948873621,1.3709505944546687,0.0,3,normal
0,36240,6,9857.0,650646.0,66.000969410591,643.913,1.5219280948873621,1.3709505944546687,0.0,3,normal
0,5001,6,33993.5,1522222211.0,46804.91090524175,638.601,1.5219280948873621,1.3709505944546687,0.0,3,normal
0,38892,6,31462.5,2076549.0,66.00102146022219,638.6,1.5219280948873621,1.3709505944546687,0.0,3,normal
0,5001,17,360.0,544320.0,1512.0,632.128,1.5219280948873621,1.3709505944546687,0.0,3,normal
0,5001,6,38988.5,2237910529.0,47186.00140047323,646.182,1.5219280948873621,1.3709505944546687,0.0,3,normal
0,36240,6,8693.0,573792.0,66.00097335568658,646.174,1.5219280948873621,1.3709505944546687,0.0,3,normal
0,5001,6,31164.5,1426813561.0,46802.801676116535,640.862,1.5219280948873621,1.3709505944546687,0.0,3,normal
0,38892,6,26566.5,1753425.0,66.00102221486785,640.861,1.5219280948873621,1.3709505944546687,0.0,3,normal
0,5001,17,351.5,531468.0,1512.0,634.389,1.5219280948873621,1.3709505944546687,0.0,3,normal
0,5001,6,43741.5,2181268239.0,47193.64759873499,648.287,1.5219280948873621,1.3709505944546687,0.0,3,normal
0,36240,6,23985.5,1583055.0,66.0009723754997,648.279,1.5219280948873621,1.3709505944546687,0.0,3,normal
0,5001,6,41134.0,1875048800.0,46799.48915334011,642.967,1.5219280948873621,1.3709505944546687,0.0,3,normal
0,38892,6,32864.0,2169060.0,66.001022419142,642.966,1.5219280948873621,1.3709505944546687,0.0,3,normal
0,5001,17,484.5,732564.0,1512.0,636.494,1.5219280948873621,1.3709505944546687,0.0,3,normal
0,5001,6,29529.0,1349372934.0,47190.770972183585,650.288,1.5219280948873621,1.3709505944546687,0.0,3,normal
0,36240,6,19439.5,1283067.0,66.00097591985039,650.28,1.5219280948873621,1.3709505944546687,0.0,3,normal
0,5001,6,19033.5,877963795.0,46798.64491499801,644.968,1.5219280948873621,1.3709505944546687,0.0,3,normal
0,38892,6,11823.5,780357.0,66.00102190271365,644.967,1.5219280948873621,1.3709505944546687,0.0,3,normal
0,5001,17,453.5,685692.0,1512.0,638.495,1.5219280948873621,1.3709505944546687,0.0,3,normal
0,5001,6,42902.0,1953317160.0,47186.14691893016,652.324,1.5219280948873621,1.3709505944546687,0.0,3,normal
0,36240,6,31203.5,2059485.0,66.00097794522785,652.316,1.5219280948873621,1.3709505944546687,0.0,3,normal
0,5001,6,48678.5,2393446053.0,46806.23252395065,647.004,1.5219280948873621,1.3709505944546687,0.0,3,normal
0,38892,6,27151.5,1792065.0,66.00102513991904,647.003,1.5219280948873621,1.3709505944546687,0.0,3,normal
0,5001,17,469.5,709884.0,1512.0,640.531,1.5219280948873621,1.3709505944546687,0.0,3,normal
0,5001,6,56716.0,2512626028.0,47175.57112000713,654.41,1.5219280948873621,1.3709505944546687,0.0,3,normal
0,36240,6,54350.5,3587139.0,66.00097390852322,654.402,1.5219280948873621,1.3709505944546687,0.0,3,normal
0,5001,6,53669.5,2433882975.0,46801.10810563165,649.09,1.5219280948873621,1.3709505944546687,0.0,3,normal
0,38892,6,47143.0,3111468.0,66.00102359507173,649.089,1.5219280948873621,1.3709505944546687,0.0,3,normal
0,5001,17,473.0,715176.0,1512.0,642.617,1.5219280948873621,1.3709505944546687,0.0,3,normal
0,5001,6,56485.5,2508221095.0,47165.48914559484,656.411,1.5219280948873621,1.3709505944546687,0.0,3,normal
0,36240,6,53745.5,3547221.0,66.00097098184041,656.403,1.5219280948873621,1.3709505944546687,0.0,3,normal
0,5001,6,55459.0,2497602638.0,46794.71207680928,651.091,1.5219280948873621,1.3709505944546687,0.0,3,normal
0,38892,6,50210.0,3313890.0,66.00102179935139,651.09,1.5219280948873621,1.3709505944546687,0.0,3,normal
0,5001,17,403.0,609336.0,1512.0,644.618,1.5219280948873621,1.3709505944546687,0.0,3,normal
0,5001,6,27031.5,1240808071.0,47163.293445527204,658.415,1.5219280948873621,1.3709505944546687,0.0,3,normal
0,36240,6,13102.0,864732.0,66.00096989891397,658.407,1.5219280948873621,1.3709505944546687,0.0,3,normal
0,5001,6,32176.5,1546045173.0,46797.34196481018,653.095,1.5219280948873621,1.3709505944546687,0.0,3,normal
0,38892,6,12151.0,802020.0,66.00102528607162,653.094,1.5219280948873621,1.3709505944546687,0.0,3,normal
0,5001,17,627.0,948024.0,1512.0,646.622,1.5219280948873621,1.3709505944546687,0.0,3,normal
0,5001,6,36999.0,1628586906.0,47155.82577571565,660.477,1.5219280948873621,1.3709505944546687,0.0,3,normal
0,36240,6,36126.5,2384355.0,66.00096743458201,660.469,1.5219280948873621,1.3709505944546687,0.0,3,normal
0,5001,6,51776.0,2959471716.0,46832.18687752213,655.157,1.5219280948873621,1.3709505944546687,0.0,3,normal
0,38892,6,11803.5,779079.0,66.0010282930528,655.156,1.5219280948873621,1.3709505944546687,0.0,3,normal
0,5001,17,395.0,597240.0,1512.0,648.684,1.5219280948873621,1.3709505944546687,0.0,3,normal
0,5001,6,53649.5,2913353599.0,47180.34118089611,662.606,1.5219280948873621,1.3709505944546687,0.0,3,normal
0,36240,6,19699.5,1300335.0,66.00098005310655,662.598,1.5219280948873621,1.3709505944546687,0.0,3,normal
0,5001,6,58110.5,2638481237.0,46826.81889228203,657.286,1.5219280948873621,1.3709505944546687,0.0,3,normal
0,38892,6,51163.5,3376815.0,66.00102590668779,657.285,1.5219280948873621,1.3709505944546687,0.0,3,normal
0,5001,17,396.0,598752.0,1512.0,650.813,1.5219280948873621,1.3709505944546687,0.0,3,normal
0,5001,6,36611.5,2103584139.0,47204.338450140196,664.626,1.5219280948873621,1.3709505944546687,0.0,3,normal
0,36240,6,8085.0,533778.0,66.00099360565319,664.618,1.5219280948873621,1.3709505944546687,0.0,3,normal
0,5001,6,38709.5,1721632607.0,46820.94476974601,659.306,1.5219280948873621,1.3709505944546687,0.0,3,normal
0,38892,6,36626.5,2417379.0,66.00102527677276,659.305,1.5219280948873621,1.3709505944546687,0.0,3,normal
0,5001,17,372.0,562464.0,1512.0,652.833,1.5219280948873621,1.3709505944546687,0.0,3,normal
0,5001,6,53429.0,3071160494.0,47239.240721311624,666.723,1.5219280948873621,1.3709505944546687,0.0,3,normal
0,36240,6,11785.0,777948.0,66.0010042871236,666.715,1.5219280948873621,1.3709505944546687,0.0,3,normal
0,5001,6,53218.5,2376852057.0,46813.55484240304,661.403,1.5219280948873621,1.3709505944546687,0.0,3,normal
0,38892,6,49498.5,3266955.0,66.00102554594028,661.402,1.5219280948873621,1.3709505944546687,0.0,3,normal
0,5001,17,439.5,664524.0,1512.0,654.93,1.5219280948873621,1.3709505944546687,0.0,3,normal
0,5001,6,32068.5,1846156229.0,47260.25472695909,668.729,1.5219280948873621,1.3709505944546687,0.0,3,normal
0,36240,6,7034.0,464352.0,66.00101281906717,668.721,1.5219280948873621,1.3709505944546687,0.0,3,normal
0,5001,6,34668.0,1543322128.0,46808.44549641853,663.409,1.5219280948873621,1.3709505944546687,0.0,3,normal
0,38892,6,32670.5,2156271.0,66.00102426539392,663.408,1.5219280948873621,1.3709505944546687,0.0,3,normal
0,5001,17,332.5,502740.0,1512.0,656.936,1.5219280948873621,1.3709505944546687,0.0,3,normal
0,5001,6,57012.5,3281818817.0,47297.382174034385,670.919,1.5219280948873621,1.3709505944546687,0.0,3,normal
0,36240,6,12514.5,826227.0,66.00103454735451,670.911,1.5219280948873621,1.3709505944546687,0.0,3,normal
0,5001,6,61869.5,2729738091.0,46797.81611883662,665.599,1.5219280948873621,1.3709505944546687,0.0,3,normal
0,38892,6,60144.5,3969537.0,66.00101920275121,665.598,1.5219280948873621,1.3709505944546687,0.0,3,normal
0,5001,17,538.0,813456.0,1512.0,659.126,1.5219280948873621,1.3709505944546687,0.0,3,normal
0,5001,6,33925.5,1508060091.0,47291.29402089483,672.925,1.5219280948873621,1.3709505944546687,0.0,3,normal
0,36240,6,32426.5,2140167.0,66.00103323818615,672.917,1.5219280948873621,1.3709505944546687,0.0,3,normal
0,5001,6,35927.0,2020016294.0,46819.41885682165,667.605,1.5219280948873621,1.3709505944546687,0.0,3,normal
0,38892,6,8490.0,560388.0,66.00102243405085,667.604,1.5219280948873621,1.3709505944546687,0.0,3,normal
0,5001,17,398.5,602532.0,1512.0,661.132,1.5219280948873621,1.3709505944546687,0.0,3,normal
0,5001,6,97209.0,4288506006.0,47271.94656064954,674.927,1.5219280948873621,1.3709505944546687,0.0,3,normal
0,36240,6,94530.5,6239025.0,66.001026080807,674.919,1.5219280948873621,1.3709505944546687,0.0,3,normal
0,5001,6,55764.0,3204203376.0,46857.12912158004,669.607,1.5219280948873621,1.3709505944546687,0.0,3,normal
0,38892,6,12315.5,813021.0,66.00103764498562,669.606,1.5219280948873621,1.3709505944546687,0.0,3,normal
0,5001,17,451.0,681912.0,1512.0,663.134,1.5219280948873621,1.3709505944546687,0.0,3,normal
0,5001,6,104448.5,4622893965.0,47252.3539837245,676.987,1.5219280948873621,1.3709505944546687,0.0,3,normal
0,36240,6,100564.5,6637299.0,66.00102101159682,676.979,1.5219280948873621,1.3709505944546687,0.0,3,normal
0,5001,6,100378.5,4554013009.0,46847.69222960934,671.667,1.5219280948873621,1.3709505944546687,0.0,3,normal
0,38892,6,89844.0,5929752.0,66.00103396176752,671.666,1.5219280948873621,1.3709505944546687,0.0,3,normal
0,5001,17,447.0,675864.0,1512.0,665.194,1.5219280948873621,1.3709505944546687,0.0,3,normal
0,5001,6,77105.5,3942932371.0,47270.91860946414,678.992,1.5219280948873621,1.3709505944546687,0.0,3,normal
0,36240,6,43293.5,2857407.0,66.0010203344146,678.984,1.5219280948873621,1.3709505944546687,0.0,3,normal
0,5001,6,100302.0,4450428532.0,46832.098853699805,673.672,1.5219280948873621,1.3709505944546687,0.0,3,normal
0,38892,6,95616.0,6310686.0,66.00102839687747,673.671,1.5219280948873621,1.3709505944546687,0.0,3,normal
0,5001,17,463.5,700812.0,1512.0,667.199,1.5219280948873621,1.3709505944546687,0.0,3,normal
0,5001,6,68091.5,3891468619.0,47312.44001242949,681.242,1.5219280948873621,1.3709505944546687,0.0,3,normal
0,36240,6,15531.5,1025139.0,66.00102397460938,681.234,1.5219280948873621,1.3709505944546687,0.0,3,normal
0,5001,6,99702.0,4408735396.0,46815.852220027264,675.922,1.5219280948873621,1.3709505944546687,0.0,3,normal
0,38892,6,96316.5,6356925.0,66.001023340987,675.921,1.5219280948873621,1.3709505944546687,0.0,3,normal
0,5001,17,470.5,711396.0,1512.0,669.449,1.5219280948873621,1.3709505944546687,0.0,3,normal
0,5001,6,109734.0,5063005568.0,47304.54511800694,683.31,1.5219280948873621,1.3709505944546687,0.0,3,normal
0,36240,6,93520.0,6172404.0,66.00102301229505,683.302,1.5219280948873621,1.3709505944546687,0.0,3,normal
0,5001,6,99582.5,4488715081.0,46805.10995004683,677.991,1.5219280948873621,1.3709505944546687,0.0,3,normal
0,38892,6,88876.0,5865858.0,66.00101944359352,677.99,1.5219280948873621,1.3709505944546687,0.0,3,normal
0,5001,17,437.5,661500.0,1512.0,671.518,1.5219280948873621,1.3709505944546687,0.0,3,normal
0,5001,6,107647.5,4794497087.0,47286.41271618712,685.34,1.5219280948873621,1.3709505944546687,0.0,3,normal
0,36240,6,101628.0,6707568.0,66.00102431323992,685.332,1.5219280948873621,1.3709505944546687,0.0,3,normal
0,5001,6,92559.0,4136977646.0,46793.07740898904,680.02,1.5219280948873621,1.3709505944546687,0.0,3,normal
0,38892,6,85673.5,5654487.0,66.00101538369563,680.019,1.5219280948873621,1.3709505944546687,0.0,3,normal
0,5001,17,472.5,714420.0,1512.0,673.547,1.5219280948873621,1.3709505944546687,0.0,3,normal
0,5001,6,97237.5,4322915079.0,47269.75670140556,687.341,1.5219280948873621,1.3709505944546687,0.0,3,normal
0,36240,6,91340.5,6028491.0,66.00101822729141,687.333,1.5219280948873621,1.3709505944546687,0.0,3,normal
0,5001,6,93877.0,4236350642.0,46783.49216945675,682.021,1.5219280948873621,1.3709505944546687,0.0,3,normal
0,38892,6,83726.5,5525973.0,66.0010105904204,682.02,1.5219280948873621,1.3709505944546687,0.0,3,normal
0,5001,17,492.5,744660.0,1512.0,675.548,1.5219280948873621,1.3709505944546687,0.0,3,normal
0,5001,6,79955.5,3557003751.0,47256.35175713229,689.356,1.5219280948873621,1.3709505944546687,0.0,3,normal
0,36240,6,72040.5,4754715.0,66.00101571653981,689.348,1.5219280948873621,1.3709505944546687,0.0,3,normal
0,5001,6,80716.5,3632288185.0,46774.71812610757,684.036,1.5219280948873621,1.3709505944546687,0.0,3,normal
0,38892,6,67957.0,4485186.0,66.0010070992763,684.035,1.5219280948873621,1.3709505944546687,0.0,3,normal
0,5001,17,518.0,783216.0,1512.0,677.563,1.5219280948873621,1.3709505944546687,0.0,3,normal
